source_id,method,stage,logical_height,feature_id,label,importance,state,reason,review_confidence,review_status,review_session_id
R00,D1,logical,128,spiky-charcoal-hair,"Voluminous, uneven charcoal-black hair with pointed outer tufts and long bangs across the forehead",CRITICAL,SIMPLIFIED,Dark layered hair keeps its pointed silhouette and forehead-covering bangs.,0.96,PASS_REVIEW_RESPONSE,01a0ce7e-9995-7520-9cf7-fbf0ec40fc16
R00,D1,logical,128,pale-anime-face,"Light peach human face with visible ears, rounded cheeks, and a tapered chin",CRITICAL,SIMPLIFIED,"Centered peach face, ears, cheeks, and tapered chin remain readable.",0.94,PASS_REVIEW_RESPONSE,01a0ce7e-9995-7520-9cf7-fbf0ec40fc16
R00,D1,logical,128,narrow-brown-eyes,Pair of narrow eyes with dark brown irises and pale sclera,CRITICAL,SIMPLIFIED,"Both narrow eyes remain separate, with dark irises and light sclera pixels.",0.87,PASS_REVIEW_RESPONSE,01a0ce7e-9995-7520-9cf7-fbf0ec40fc16
R00,D1,logical,128,small-neutral-mouth,"Small closed, neutral mouth",OPTIONAL,SIMPLIFIED,A short closed neutral line remains below the nose.,0.9,PASS_REVIEW_RESPONSE,01a0ce7e-9995-7520-9cf7-fbf0ec40fc16
R00,D1,logical,128,gray-crew-neck-collar,Medium-gray rounded crew-neck collar framing the base of the neck,IMPORTANT,SIMPLIFIED,A curved gray neckline is visible around the base of the neck.,0.86,PASS_REVIEW_RESPONSE,01a0ce7e-9995-7520-9cf7-fbf0ec40fc16
R00,D1,logical,128,broad-gray-shirt,Broad medium-gray shirt with sloping shoulders,IMPORTANT,PRESERVED,Broad medium-gray shirt and sloping shoulders fill the lower frame.,0.96,PASS_REVIEW_RESPONSE,01a0ce7e-9995-7520-9cf7-fbf0ec40fc16
R00,D1,logical,160,spiky-charcoal-hair,"Voluminous, uneven charcoal-black hair with pointed outer tufts and long bangs across the forehead",CRITICAL,SIMPLIFIED,Uneven pointed charcoal hair and long bangs remain clear.,0.97,PASS_REVIEW_RESPONSE,01a0ce7e-9995-7520-9cf7-fbf0ec40fc16
R00,D1,logical,160,pale-anime-face,"Light peach human face with visible ears, rounded cheeks, and a tapered chin",CRITICAL,SIMPLIFIED,"Centered peach face retains visible ears, rounded cheeks, and tapered chin.",0.95,PASS_REVIEW_RESPONSE,01a0ce7e-9995-7520-9cf7-fbf0ec40fc16
R00,D1,logical,160,narrow-brown-eyes,Pair of narrow eyes with dark brown irises and pale sclera,CRITICAL,SIMPLIFIED,Separate narrow eyes show dark irises against pale sclera.,0.92,PASS_REVIEW_RESPONSE,01a0ce7e-9995-7520-9cf7-fbf0ec40fc16
R00,D1,logical,160,small-neutral-mouth,"Small closed, neutral mouth",OPTIONAL,SIMPLIFIED,Small closed neutral mouth remains visible below the nose.,0.94,PASS_REVIEW_RESPONSE,01a0ce7e-9995-7520-9cf7-fbf0ec40fc16
R00,D1,logical,160,gray-crew-neck-collar,Medium-gray rounded crew-neck collar framing the base of the neck,IMPORTANT,SIMPLIFIED,Rounded gray neckline frames the exposed neck.,0.91,PASS_REVIEW_RESPONSE,01a0ce7e-9995-7520-9cf7-fbf0ec40fc16
R00,D1,logical,160,broad-gray-shirt,Broad medium-gray shirt with sloping shoulders,IMPORTANT,PRESERVED,Broad medium-gray shirt keeps its sloping shoulders and lower-frame coverage.,0.97,PASS_REVIEW_RESPONSE,01a0ce7e-9995-7520-9cf7-fbf0ec40fc16
R00,D1,logical,192,spiky-charcoal-hair,"Voluminous, uneven charcoal-black hair with pointed outer tufts and long bangs across the forehead",CRITICAL,SIMPLIFIED,Layered charcoal hair keeps its uneven pointed outline and long bangs.,0.98,PASS_REVIEW_RESPONSE,01a0ce7e-9995-7520-9cf7-fbf0ec40fc16
R00,D1,logical,192,pale-anime-face,"Light peach human face with visible ears, rounded cheeks, and a tapered chin",CRITICAL,SIMPLIFIED,"Centered peach face, both ears, rounded cheeks, and tapered chin are readable.",0.96,PASS_REVIEW_RESPONSE,01a0ce7e-9995-7520-9cf7-fbf0ec40fc16
R00,D1,logical,192,narrow-brown-eyes,Pair of narrow eyes with dark brown irises and pale sclera,CRITICAL,SIMPLIFIED,Both narrow eyes remain distinct with dark irises and pale sclera.,0.94,PASS_REVIEW_RESPONSE,01a0ce7e-9995-7520-9cf7-fbf0ec40fc16
R00,D1,logical,192,small-neutral-mouth,"Small closed, neutral mouth",OPTIONAL,SIMPLIFIED,Short closed neutral mouth is distinct below the nose.,0.95,PASS_REVIEW_RESPONSE,01a0ce7e-9995-7520-9cf7-fbf0ec40fc16
R00,D1,logical,192,gray-crew-neck-collar,Medium-gray rounded crew-neck collar framing the base of the neck,IMPORTANT,SIMPLIFIED,Curved gray crew neckline frames the neck base.,0.94,PASS_REVIEW_RESPONSE,01a0ce7e-9995-7520-9cf7-fbf0ec40fc16
R00,D1,logical,192,broad-gray-shirt,Broad medium-gray shirt with sloping shoulders,IMPORTANT,PRESERVED,Broad medium-gray shirt and sloping shoulders remain clear.,0.98,PASS_REVIEW_RESPONSE,01a0ce7e-9995-7520-9cf7-fbf0ec40fc16
R00,D1,logical,256,spiky-charcoal-hair,"Voluminous, uneven charcoal-black hair with pointed outer tufts and long bangs across the forehead",CRITICAL,SIMPLIFIED,Voluminous charcoal hair retains pointed tufts and layered bangs across the forehead.,0.98,PASS_REVIEW_RESPONSE,01a0ce7e-9995-7520-9cf7-fbf0ec40fc16
R00,D1,logical,256,pale-anime-face,"Light peach human face with visible ears, rounded cheeks, and a tapered chin",CRITICAL,SIMPLIFIED,"Centered peach face retains visible ears, rounded cheeks, and tapered chin.",0.97,PASS_REVIEW_RESPONSE,01a0ce7e-9995-7520-9cf7-fbf0ec40fc16
R00,D1,logical,256,narrow-brown-eyes,Pair of narrow eyes with dark brown irises and pale sclera,CRITICAL,SIMPLIFIED,Separate narrow eyes show dark brown irises and pale sclera.,0.96,PASS_REVIEW_RESPONSE,01a0ce7e-9995-7520-9cf7-fbf0ec40fc16
R00,D1,logical,256,small-neutral-mouth,"Small closed, neutral mouth",OPTIONAL,SIMPLIFIED,Small closed neutral line remains below the nose.,0.96,PASS_REVIEW_RESPONSE,01a0ce7e-9995-7520-9cf7-fbf0ec40fc16
R00,D1,logical,256,gray-crew-neck-collar,Medium-gray rounded crew-neck collar framing the base of the neck,IMPORTANT,SIMPLIFIED,Rounded gray neckline visibly frames the base of the neck.,0.95,PASS_REVIEW_RESPONSE,01a0ce7e-9995-7520-9cf7-fbf0ec40fc16
R00,D1,logical,256,broad-gray-shirt,Broad medium-gray shirt with sloping shoulders,IMPORTANT,PRESERVED,Broad medium-gray shirt with sloping shoulders fills the lower frame.,0.98,PASS_REVIEW_RESPONSE,01a0ce7e-9995-7520-9cf7-fbf0ec40fc16
R00,D1,semantic,,spiky-charcoal-hair,"Voluminous, uneven charcoal-black hair with pointed outer tufts and long bangs across the forehead",CRITICAL,SIMPLIFIED,"Broad charcoal hair silhouette, pointed outer tufts, and long bangs remain recognizable in pixel art.",0.97,PASS_REVIEW_RESPONSE,01a0ce7d-482c-71c2-879d-5cb1758b3110
R00,D1,semantic,,pale-anime-face,"Light peach human face with visible ears, rounded cheeks, and a tapered chin",CRITICAL,SIMPLIFIED,"Centered peach face retains both ears, rounded cheeks, and a tapered chin.",0.97,PASS_REVIEW_RESPONSE,01a0ce7d-482c-71c2-879d-5cb1758b3110
R00,D1,semantic,,narrow-brown-eyes,Pair of narrow eyes with dark brown irises and pale sclera,CRITICAL,SIMPLIFIED,"Both narrow eyes remain distinct, with dark brown irises and pale sclera.",0.96,PASS_REVIEW_RESPONSE,01a0ce7d-482c-71c2-879d-5cb1758b3110
R00,D1,semantic,,small-neutral-mouth,"Small closed, neutral mouth",OPTIONAL,SIMPLIFIED,"A small closed, neutral mouth remains visible below the nose.",0.95,PASS_REVIEW_RESPONSE,01a0ce7d-482c-71c2-879d-5cb1758b3110
R00,D1,semantic,,gray-crew-neck-collar,Medium-gray rounded crew-neck collar framing the base of the neck,IMPORTANT,SIMPLIFIED,A rounded gray neckline still frames the base of the neck.,0.94,PASS_REVIEW_RESPONSE,01a0ce7d-482c-71c2-879d-5cb1758b3110
R00,D1,semantic,,broad-gray-shirt,Broad medium-gray shirt with sloping shoulders,IMPORTANT,SIMPLIFIED,The gray shirt remains broad across the lower frame with sloping shoulders.,0.97,PASS_REVIEW_RESPONSE,01a0ce7d-482c-71c2-879d-5cb1758b3110
R02,D1,logical,128,wide-pointed-wizard-hat,"Oversized, angular dark navy wizard hat with a broad brim and burgundy underside",CRITICAL,SIMPLIFIED,Broad dark hat and burgundy underside remain recognizable; folds are reduced.,0.9,PASS_REVIEW_RESPONSE,01a0ce85-04ea-7740-af05-2a4aa637a600
R02,D1,logical,128,hat-compass-ornament,Gold compass-star ornament mounted on the hat,CRITICAL,SIMPLIFIED,Small gold star remains on the image-right side of the hat.,0.78,PASS_REVIEW_RESPONSE,01a0ce85-04ea-7740-af05-2a4aa637a600
R02,D1,logical,128,pale-flowing-hair,Long pale blonde-silver hair flowing past the shoulders,CRITICAL,SIMPLIFIED,Pale locks frame the face and trail past the shoulders toward image-right.,0.88,PASS_REVIEW_RESPONSE,01a0ce85-04ea-7740-af05-2a4aa637a600
R02,D1,logical,128,blue-eyed-face,Fair-skinned face with large blue eyes,CRITICAL,AMBIGUOUS,"Centered pale face is visible, but the tiny eye pixels make their blue color uncertain.",0.73,PASS_REVIEW_RESPONSE,01a0ce85-04ea-7740-af05-2a4aa637a600
R02,D1,logical,128,ornate-left-hand-staff,"Tall dark staff with an ornate ring-shaped head, blue orb, and hanging blue crystal",CRITICAL,SIMPLIFIED,"Image-left staff retains its ring, blue orb, and dangling crystal; ornament detail is reduced.",0.94,PASS_REVIEW_RESPONSE,01a0ce85-04ea-7740-af05-2a4aa637a600
R02,D1,logical,128,navy-and-burgundy-cape,Flowing dark navy cape with burgundy lining trailing behind the figure,IMPORTANT,SIMPLIFIED,Image-right trailing navy panel and burgundy lining remain visible.,0.86,PASS_REVIEW_RESPONSE,01a0ce85-04ea-7740-af05-2a4aa637a600
R02,D1,logical,128,gold-trimmed-navy-coat,High-neck dark navy coat with gold trim and angular gold motifs,IMPORTANT,SIMPLIFIED,Navy torso coat and gold edging remain readable; angular motifs are tiny.,0.83,PASS_REVIEW_RESPONSE,01a0ce85-04ea-7740-af05-2a4aa637a600
R02,D1,logical,128,brown-pouch-belt,Brown waist belt with several attached pouches,IMPORTANT,SIMPLIFIED,Brown waist band and pouch cluster remain visible; individual pouches compress.,0.72,PASS_REVIEW_RESPONSE,01a0ce85-04ea-7740-af05-2a4aa637a600
R02,D1,logical,160,wide-pointed-wizard-hat,"Oversized, angular dark navy wizard hat with a broad brim and burgundy underside",CRITICAL,SIMPLIFIED,"Broad pointed dark hat and burgundy underside are clear, with reduced folds.",0.92,PASS_REVIEW_RESPONSE,01a0ce85-04ea-7740-af05-2a4aa637a600
R02,D1,logical,160,hat-compass-ornament,Gold compass-star ornament mounted on the hat,CRITICAL,SIMPLIFIED,Gold star remains mounted on the image-right side of the hat.,0.86,PASS_REVIEW_RESPONSE,01a0ce85-04ea-7740-af05-2a4aa637a600
R02,D1,logical,160,pale-flowing-hair,Long pale blonde-silver hair flowing past the shoulders,CRITICAL,SIMPLIFIED,Pale hair frames the face and flows beyond the shoulders toward image-right.,0.93,PASS_REVIEW_RESPONSE,01a0ce85-04ea-7740-af05-2a4aa637a600
R02,D1,logical,160,blue-eyed-face,Fair-skinned face with large blue eyes,CRITICAL,SIMPLIFIED,Centered fair face and blue eye marks are readable at small scale.,0.86,PASS_REVIEW_RESPONSE,01a0ce85-04ea-7740-af05-2a4aa637a600
R02,D1,logical,160,ornate-left-hand-staff,"Tall dark staff with an ornate ring-shaped head, blue orb, and hanging blue crystal",CRITICAL,SIMPLIFIED,"Image-left staff clearly keeps its ring, blue orb, and hanging crystal.",0.97,PASS_REVIEW_RESPONSE,01a0ce85-04ea-7740-af05-2a4aa637a600
R02,D1,logical,160,navy-and-burgundy-cape,Flowing dark navy cape with burgundy lining trailing behind the figure,IMPORTANT,SIMPLIFIED,"Image-right cape retains navy fabric and burgundy lining, with fewer folds.",0.91,PASS_REVIEW_RESPONSE,01a0ce85-04ea-7740-af05-2a4aa637a600
R02,D1,logical,160,gold-trimmed-navy-coat,High-neck dark navy coat with gold trim and angular gold motifs,IMPORTANT,SIMPLIFIED,Central navy coat and gold trim remain clear; the motifs are simplified.,0.88,PASS_REVIEW_RESPONSE,01a0ce85-04ea-7740-af05-2a4aa637a600
R02,D1,logical,160,brown-pouch-belt,Brown waist belt with several attached pouches,IMPORTANT,SIMPLIFIED,"Brown belt and attached pouch cluster read at the waist, with fewer distinct details.",0.81,PASS_REVIEW_RESPONSE,01a0ce85-04ea-7740-af05-2a4aa637a600
R02,D1,logical,192,wide-pointed-wizard-hat,"Oversized, angular dark navy wizard hat with a broad brim and burgundy underside",CRITICAL,SIMPLIFIED,Oversized dark hat and broad burgundy-lined brim remain clear; folds are reduced.,0.95,PASS_REVIEW_RESPONSE,01a0ce85-04ea-7740-af05-2a4aa637a600
R02,D1,logical,192,hat-compass-ornament,Gold compass-star ornament mounted on the hat,CRITICAL,SIMPLIFIED,"Gold compass-star remains on the image-right side of the hat, with reduced points.",0.9,PASS_REVIEW_RESPONSE,01a0ce85-04ea-7740-af05-2a4aa637a600
R02,D1,logical,192,pale-flowing-hair,Long pale blonde-silver hair flowing past the shoulders,CRITICAL,SIMPLIFIED,Pale locks frame the face and trail well past the shoulders toward image-right.,0.96,PASS_REVIEW_RESPONSE,01a0ce85-04ea-7740-af05-2a4aa637a600
R02,D1,logical,192,blue-eyed-face,Fair-skinned face with large blue eyes,CRITICAL,SIMPLIFIED,"Centered fair face and blue eyes are readable, though facial details are reduced.",0.94,PASS_REVIEW_RESPONSE,01a0ce85-04ea-7740-af05-2a4aa637a600
R02,D1,logical,192,ornate-left-hand-staff,"Tall dark staff with an ornate ring-shaped head, blue orb, and hanging blue crystal",CRITICAL,SIMPLIFIED,"Image-left staff retains a readable ring, bright blue orb, and dangling crystal.",0.98,PASS_REVIEW_RESPONSE,01a0ce85-04ea-7740-af05-2a4aa637a600
R02,D1,logical,192,navy-and-burgundy-cape,Flowing dark navy cape with burgundy lining trailing behind the figure,IMPORTANT,PRESERVED,"Image-right cape clearly shows navy fabric, burgundy lining, and its trailing shape.",0.9,PASS_REVIEW_RESPONSE,01a0ce85-04ea-7740-af05-2a4aa637a600
R02,D1,logical,192,gold-trimmed-navy-coat,High-neck dark navy coat with gold trim and angular gold motifs,IMPORTANT,SIMPLIFIED,"Central navy coat, gold edging, and angular accents remain readable.",0.92,PASS_REVIEW_RESPONSE,01a0ce85-04ea-7740-af05-2a4aa637a600
R02,D1,logical,192,brown-pouch-belt,Brown waist belt with several attached pouches,IMPORTANT,SIMPLIFIED,"Brown waist belt and attached pouches are recognizable, with reduced separation.",0.87,PASS_REVIEW_RESPONSE,01a0ce85-04ea-7740-af05-2a4aa637a600
R02,D1,logical,256,wide-pointed-wizard-hat,"Oversized, angular dark navy wizard hat with a broad brim and burgundy underside",CRITICAL,PRESERVED,"Oversized angular navy crown, broad pointed brim, and burgundy underside are clear.",0.98,PASS_REVIEW_RESPONSE,01a0ce85-04ea-7740-af05-2a4aa637a600
R02,D1,logical,256,hat-compass-ornament,Gold compass-star ornament mounted on the hat,CRITICAL,PRESERVED,Gold compass-star is clearly mounted on the image-right side of the hat.,0.97,PASS_REVIEW_RESPONSE,01a0ce85-04ea-7740-af05-2a4aa637a600
R02,D1,logical,256,pale-flowing-hair,Long pale blonde-silver hair flowing past the shoulders,CRITICAL,PRESERVED,Pale blonde-silver locks frame the face and flow past the shoulders toward image-right.,0.98,PASS_REVIEW_RESPONSE,01a0ce85-04ea-7740-af05-2a4aa637a600
R02,D1,logical,256,blue-eyed-face,Fair-skinned face with large blue eyes,CRITICAL,PRESERVED,Centered fair face with clearly visible large blue eyes and facial features.,0.98,PASS_REVIEW_RESPONSE,01a0ce85-04ea-7740-af05-2a4aa637a600
R02,D1,logical,256,ornate-left-hand-staff,"Tall dark staff with an ornate ring-shaped head, blue orb, and hanging blue crystal",CRITICAL,PRESERVED,"Image-left ornate staff clearly shows its ring head, blue orb, and hanging crystal.",0.99,PASS_REVIEW_RESPONSE,01a0ce85-04ea-7740-af05-2a4aa637a600
R02,D1,logical,256,navy-and-burgundy-cape,Flowing dark navy cape with burgundy lining trailing behind the figure,IMPORTANT,PRESERVED,Flowing image-right cape clearly shows navy panels and burgundy lining.,0.98,PASS_REVIEW_RESPONSE,01a0ce85-04ea-7740-af05-2a4aa637a600
R02,D1,logical,256,gold-trimmed-navy-coat,High-neck dark navy coat with gold trim and angular gold motifs,IMPORTANT,PRESERVED,High-neck navy coat retains clear gold trim and angular gold motifs.,0.97,PASS_REVIEW_RESPONSE,01a0ce85-04ea-7740-af05-2a4aa637a600
R02,D1,logical,256,brown-pouch-belt,Brown waist belt with several attached pouches,IMPORTANT,PRESERVED,Brown waist belt and several attached pouches are visibly distinct.,0.94,PASS_REVIEW_RESPONSE,01a0ce85-04ea-7740-af05-2a4aa637a600
R02,D1,semantic,,wide-pointed-wizard-hat,"Oversized, angular dark navy wizard hat with a broad brim and burgundy underside",CRITICAL,SIMPLIFIED,"Tall folded navy crown, broad pointed brim, and burgundy underside remain clear in pixel art.",0.97,PASS_REVIEW_RESPONSE,01a0ce83-b40a-7a90-a3f9-cee78c18d86a
R02,D1,semantic,,hat-compass-ornament,Gold compass-star ornament mounted on the hat,CRITICAL,SIMPLIFIED,A gold compass-like star remains visible on the image-right side of the hat.,0.95,PASS_REVIEW_RESPONSE,01a0ce83-b40a-7a90-a3f9-cee78c18d86a
R02,D1,semantic,,pale-flowing-hair,Long pale blonde-silver hair flowing past the shoulders,CRITICAL,SIMPLIFIED,"Pale hair frames the face and flows past the shoulders, especially to image-right.",0.96,PASS_REVIEW_RESPONSE,01a0ce83-b40a-7a90-a3f9-cee78c18d86a
R02,D1,semantic,,blue-eyed-face,Fair-skinned face with large blue eyes,CRITICAL,SIMPLIFIED,Fair face remains centered with clearly visible large blue eyes.,0.97,PASS_REVIEW_RESPONSE,01a0ce83-b40a-7a90-a3f9-cee78c18d86a
R02,D1,semantic,,ornate-left-hand-staff,"Tall dark staff with an ornate ring-shaped head, blue orb, and hanging blue crystal",CRITICAL,SIMPLIFIED,"Image-left staff retains its ring-shaped head, blue orb, and hanging blue crystal.",0.96,PASS_REVIEW_RESPONSE,01a0ce83-b40a-7a90-a3f9-cee78c18d86a
R02,D1,semantic,,navy-and-burgundy-cape,Flowing dark navy cape with burgundy lining trailing behind the figure,IMPORTANT,SIMPLIFIED,Cape still trails to image-right with navy fabric and burgundy lining visible.,0.94,PASS_REVIEW_RESPONSE,01a0ce83-b40a-7a90-a3f9-cee78c18d86a
R02,D1,semantic,,gold-trimmed-navy-coat,High-neck dark navy coat with gold trim and angular gold motifs,IMPORTANT,SIMPLIFIED,"High-neck navy coat remains centered, with gold edging and angular motifs.",0.95,PASS_REVIEW_RESPONSE,01a0ce83-b40a-7a90-a3f9-cee78c18d86a
R02,D1,semantic,,brown-pouch-belt,Brown waist belt with several attached pouches,IMPORTANT,SIMPLIFIED,Brown waist belt and several attached pouches remain distinct across the waist.,0.96,PASS_REVIEW_RESPONSE,01a0ce83-b40a-7a90-a3f9-cee78c18d86a
R03,D1,semantic,,upright-bear-silhouette,Broad upright bear build with rounded ears and large paws,CRITICAL,PRESERVED,"Broad upright brown bear shape with rounded ears, thick limbs, and large paws remains clear.",0.98,PASS_REVIEW_RESPONSE,01a0ce89-051b-7e32-a29a-42201780c59f
R03,D1,semantic,,rounded-inner-ears,Two rounded ears with lighter tan inner areas,CRITICAL,PRESERVED,Both rounded brown ears have contrasting tan inner areas.,0.98,PASS_REVIEW_RESPONSE,01a0ce89-051b-7e32-a29a-42201780c59f
R03,D1,semantic,,smiling-bear-face,"Expressive face with dark eyes and brows, tan muzzle, black nose, and open smile",CRITICAL,SIMPLIFIED,"Centered brows, dark eyes, tan muzzle, black nose, and open smiling mouth with tongue are readable in pixel form.",0.96,PASS_REVIEW_RESPONSE,01a0ce89-051b-7e32-a29a-42201780c59f
R03,D1,semantic,,tan-belly-patch,Large oval tan belly patch,CRITICAL,AMBIGUOUS,required-color-relation-not-preserved,0.98,PASS_REVIEW_RESPONSE,01a0ce89-051b-7e32-a29a-42201780c59f
R03,D1,semantic,,red-neck-scarf,Bright red scarf wrapped around the neck,IMPORTANT,PRESERVED,Bright red scarf remains a clear band below the head.,0.97,PASS_REVIEW_RESPONSE,01a0ce89-051b-7e32-a29a-42201780c59f
R03,D1,semantic,,crossbody-strap-buckle,Dark brown diagonal satchel strap with a small gold buckle,IMPORTANT,PRESERVED,"Dark diagonal strap crosses the torso, with a contrasting gold buckle on the image-left belly.",0.96,PASS_REVIEW_RESPONSE,01a0ce89-051b-7e32-a29a-42201780c59f
R03,D1,semantic,,right-hip-satchel,Brown satchel pouch with a round gold button,IMPORTANT,PRESERVED,Brown pouch remains on the image-right hip with a distinct round gold button.,0.97,PASS_REVIEW_RESPONSE,01a0ce89-051b-7e32-a29a-42201780c59f
R05,D1,logical,128,sweeping-silver-hair,Very long silver-white hair spreads into broad looping locks around and behind the body,CRITICAL,PRESERVED,Broad pale looping locks remain readable around the figure.,0.91,PASS_REVIEW_RESPONSE,01a0ce8b-8120-7c41-9df5-e5c70a8ff0d6
R05,D1,logical,128,blue-eyed-face,Small pale face with large blue eyes and a subtle smile,CRITICAL,AMBIGUOUS,recognition-confidence-or-location-insufficient,0.69,PASS_REVIEW_RESPONSE,01a0ce8b-8120-7c41-9df5-e5c70a8ff0d6
R05,D1,logical,128,right-hair-flower,White flower with a gold center worn in the hair,CRITICAL,AMBIGUOUS,"A tiny light and gold mark appears on image-right, but flower shape is unclear.",0.45,PASS_REVIEW_RESPONSE,01a0ce8b-8120-7c41-9df5-e5c70a8ff0d6
R05,D1,logical,128,navy-jeweled-neck-bow,Dark navy neck bow with a blue diamond-shaped jewel,CRITICAL,AMBIGUOUS,recognition-confidence-or-location-insufficient,0.62,PASS_REVIEW_RESPONSE,01a0ce8b-8120-7c41-9df5-e5c70a8ff0d6
R05,D1,logical,128,ornate-navy-bodice,Fitted navy bodice with gold decoration and a blue center jewel,IMPORTANT,AMBIGUOUS,recognition-confidence-or-location-insufficient,0.61,PASS_REVIEW_RESPONSE,01a0ce8b-8120-7c41-9df5-e5c70a8ff0d6
R05,D1,logical,128,layered-white-skirt,Short layered white ruffle skirt with navy and gold-trimmed panels,IMPORTANT,SIMPLIFIED,"White flared skirt and blue side panels show, but layers are indistinct.",0.7,PASS_REVIEW_RESPONSE,01a0ce8b-8120-7c41-9df5-e5c70a8ff0d6
R05,D1,logical,128,white-blue-ornamented-boots,White knee-high boots with navy straps and blue jewel accents,IMPORTANT,AMBIGUOUS,Small white footwear and blue marks are visible; crossed straps are unclear.,0.48,PASS_REVIEW_RESPONSE,01a0ce8b-8120-7c41-9df5-e5c70a8ff0d6
R05,D1,logical,160,sweeping-silver-hair,Very long silver-white hair spreads into broad looping locks around and behind the body,CRITICAL,PRESERVED,Wide pale locks form clear loops around and behind the figure.,0.94,PASS_REVIEW_RESPONSE,01a0ce8b-8120-7c41-9df5-e5c70a8ff0d6
R05,D1,logical,160,blue-eyed-face,Small pale face with large blue eyes and a subtle smile,CRITICAL,SIMPLIFIED,Centered pale face and blue eyes read clearly; the smile is faint.,0.76,PASS_REVIEW_RESPONSE,01a0ce8b-8120-7c41-9df5-e5c70a8ff0d6
R05,D1,logical,160,right-hair-flower,White flower with a gold center worn in the hair,CRITICAL,AMBIGUOUS,recognition-confidence-or-location-insufficient,0.67,PASS_REVIEW_RESPONSE,01a0ce8b-8120-7c41-9df5-e5c70a8ff0d6
R05,D1,logical,160,navy-jeweled-neck-bow,Dark navy neck bow with a blue diamond-shaped jewel,CRITICAL,SIMPLIFIED,"Dark bow shape and blue jewel are visible below the face, with reduced detail.",0.75,PASS_REVIEW_RESPONSE,01a0ce8b-8120-7c41-9df5-e5c70a8ff0d6
R05,D1,logical,160,ornate-navy-bodice,Fitted navy bodice with gold decoration and a blue center jewel,IMPORTANT,SIMPLIFIED,Navy bodice and center blue accent remain; gold decoration is simplified.,0.74,PASS_REVIEW_RESPONSE,01a0ce8b-8120-7c41-9df5-e5c70a8ff0d6
R05,D1,logical,160,layered-white-skirt,Short layered white ruffle skirt with navy and gold-trimmed panels,IMPORTANT,SIMPLIFIED,"White skirt, ruffle shapes, and blue panels are readable with limited trim detail.",0.78,PASS_REVIEW_RESPONSE,01a0ce8b-8120-7c41-9df5-e5c70a8ff0d6
R05,D1,logical,160,white-blue-ornamented-boots,White knee-high boots with navy straps and blue jewel accents,IMPORTANT,SIMPLIFIED,"White boots with blue accents show, though crossed navy straps are small.",0.7,PASS_REVIEW_RESPONSE,01a0ce8b-8120-7c41-9df5-e5c70a8ff0d6
R05,D1,logical,192,sweeping-silver-hair,Very long silver-white hair spreads into broad looping locks around and behind the body,CRITICAL,PRESERVED,Pale hair keeps its broad looping silhouette on both sides.,0.95,PASS_REVIEW_RESPONSE,01a0ce8b-8120-7c41-9df5-e5c70a8ff0d6
R05,D1,logical,192,blue-eyed-face,Small pale face with large blue eyes and a subtle smile,CRITICAL,SIMPLIFIED,Blue eyes are visible on the centered pale face; the smile remains subtle.,0.79,PASS_REVIEW_RESPONSE,01a0ce8b-8120-7c41-9df5-e5c70a8ff0d6
R05,D1,logical,192,right-hair-flower,White flower with a gold center worn in the hair,CRITICAL,SIMPLIFIED,White petals and a small gold center are discernible on image-right.,0.73,PASS_REVIEW_RESPONSE,01a0ce8b-8120-7c41-9df5-e5c70a8ff0d6
R05,D1,logical,192,navy-jeweled-neck-bow,Dark navy neck bow with a blue diamond-shaped jewel,CRITICAL,SIMPLIFIED,"Navy bow and blue jewel remain distinct below the face, with compact detail.",0.79,PASS_REVIEW_RESPONSE,01a0ce8b-8120-7c41-9df5-e5c70a8ff0d6
R05,D1,logical,192,ornate-navy-bodice,Fitted navy bodice with gold decoration and a blue center jewel,IMPORTANT,SIMPLIFIED,"Fitted navy bodice and gold center ornament show, though fine decoration is reduced.",0.81,PASS_REVIEW_RESPONSE,01a0ce8b-8120-7c41-9df5-e5c70a8ff0d6
R05,D1,logical,192,layered-white-skirt,Short layered white ruffle skirt with navy and gold-trimmed panels,IMPORTANT,SIMPLIFIED,White ruffle layers and blue panels are recognizable; gold trim is sparse.,0.82,PASS_REVIEW_RESPONSE,01a0ce8b-8120-7c41-9df5-e5c70a8ff0d6
R05,D1,logical,192,white-blue-ornamented-boots,White knee-high boots with navy straps and blue jewel accents,IMPORTANT,SIMPLIFIED,White boots and blue accents are visible; strap details remain small.,0.76,PASS_REVIEW_RESPONSE,01a0ce8b-8120-7c41-9df5-e5c70a8ff0d6
R05,D1,logical,256,sweeping-silver-hair,Very long silver-white hair spreads into broad looping locks around and behind the body,CRITICAL,PRESERVED,Long silver-white locks clearly sweep into broad loops around the body.,0.97,PASS_REVIEW_RESPONSE,01a0ce8b-8120-7c41-9df5-e5c70a8ff0d6
R05,D1,logical,256,blue-eyed-face,Small pale face with large blue eyes and a subtle smile,CRITICAL,PRESERVED,Centered pale face retains both blue eyes and a subtle smile.,0.9,PASS_REVIEW_RESPONSE,01a0ce8b-8120-7c41-9df5-e5c70a8ff0d6
R05,D1,logical,256,right-hair-flower,White flower with a gold center worn in the hair,CRITICAL,PRESERVED,White flower with gold center is recognizable on image-right of the head.,0.87,PASS_REVIEW_RESPONSE,01a0ce8b-8120-7c41-9df5-e5c70a8ff0d6
R05,D1,logical,256,navy-jeweled-neck-bow,Dark navy neck bow with a blue diamond-shaped jewel,CRITICAL,PRESERVED,Dark navy bow and blue diamond jewel are clear below the face.,0.88,PASS_REVIEW_RESPONSE,01a0ce8b-8120-7c41-9df5-e5c70a8ff0d6
R05,D1,logical,256,ornate-navy-bodice,Fitted navy bodice with gold decoration and a blue center jewel,IMPORTANT,PRESERVED,"Navy bodice, gold ornament, and blue center jewel remain legible.",0.87,PASS_REVIEW_RESPONSE,01a0ce8b-8120-7c41-9df5-e5c70a8ff0d6
R05,D1,logical,256,layered-white-skirt,Short layered white ruffle skirt with navy and gold-trimmed panels,IMPORTANT,PRESERVED,Layered white ruffles and navy panels with gold trim are recognizable.,0.88,PASS_REVIEW_RESPONSE,01a0ce8b-8120-7c41-9df5-e5c70a8ff0d6
R05,D1,logical,256,white-blue-ornamented-boots,White knee-high boots with navy straps and blue jewel accents,IMPORTANT,PRESERVED,White boots show dark strap marks and blue jewel accents.,0.83,PASS_REVIEW_RESPONSE,01a0ce8b-8120-7c41-9df5-e5c70a8ff0d6
R05,D1,semantic,,sweeping-silver-hair,Very long silver-white hair spreads into broad looping locks around and behind the body,CRITICAL,SIMPLIFIED,"Silver-white hair still spreads into broad looping locks around and behind the figure, with pixelated contours.",0.98,PASS_REVIEW_RESPONSE,01a0ce8a-68ae-72e0-a751-005fe8826729
R05,D1,semantic,,blue-eyed-face,Small pale face with large blue eyes and a subtle smile,CRITICAL,SIMPLIFIED,Centered pale face retains both large blue eyes and a subtle smile.,0.99,PASS_REVIEW_RESPONSE,01a0ce8a-68ae-72e0-a751-005fe8826729
R05,D1,semantic,,right-hair-flower,White flower with a gold center worn in the hair,CRITICAL,PRESERVED,White flower with a gold center remains visible on the image-right side of the head.,0.99,PASS_REVIEW_RESPONSE,01a0ce8a-68ae-72e0-a751-005fe8826729
R05,D1,semantic,,navy-jeweled-neck-bow,Dark navy neck bow with a blue diamond-shaped jewel,CRITICAL,PRESERVED,Dark navy bow and blue diamond jewel remain distinct below the face.,0.98,PASS_REVIEW_RESPONSE,01a0ce8a-68ae-72e0-a751-005fe8826729
R05,D1,semantic,,ornate-navy-bodice,Fitted navy bodice with gold decoration and a blue center jewel,IMPORTANT,SIMPLIFIED,Fitted navy bodice keeps gold decoration and a blue center jewel against the white blouse.,0.96,PASS_REVIEW_RESPONSE,01a0ce8a-68ae-72e0-a751-005fe8826729
R05,D1,semantic,,layered-white-skirt,Short layered white ruffle skirt with navy and gold-trimmed panels,IMPORTANT,SIMPLIFIED,"White ruffled skirt remains layered, with navy panels and gold trim visible beneath.",0.97,PASS_REVIEW_RESPONSE,01a0ce8a-68ae-72e0-a751-005fe8826729
R05,D1,semantic,,white-blue-ornamented-boots,White knee-high boots with navy straps and blue jewel accents,IMPORTANT,SIMPLIFIED,Both white knee-high boots retain navy crossed straps and blue jewel accents.,0.98,PASS_REVIEW_RESPONSE,01a0ce8a-68ae-72e0-a751-005fe8826729
R06,D1,logical,128,long-pale-flowing-hair,Very long pale silver-blonde hair with loose locks flowing past the waist,CRITICAL,AMBIGUOUS,identity-review-unavailable,0.0,FAIL_REVIEW_UNAVAILABLE,
R06,D1,logical,128,blue-eyed-face,Fair anime-style face with large blue eyes,CRITICAL,AMBIGUOUS,identity-review-unavailable,0.0,FAIL_REVIEW_UNAVAILABLE,
R06,D1,logical,128,right-side-hair-bow,Navy ribbon bow with trailing tails and a small gold ornament at the temple,IMPORTANT,AMBIGUOUS,identity-review-unavailable,0.0,FAIL_REVIEW_UNAVAILABLE,
R06,D1,logical,128,ornate-long-staff,Long dark-blue staff with gold star-shaped finial and cross-shaped ornaments,CRITICAL,AMBIGUOUS,identity-review-unavailable,0.0,FAIL_REVIEW_UNAVAILABLE,
R06,D1,logical,128,navy-white-gold-dress,Fitted high-collar navy and white outfit with gold fastenings and split navy skirt panels,IMPORTANT,AMBIGUOUS,identity-review-unavailable,0.0,FAIL_REVIEW_UNAVAILABLE,
R06,D1,logical,128,long-white-draped-panels,Long white draped panels with gold edging hanging from both shoulders,IMPORTANT,AMBIGUOUS,identity-review-unavailable,0.0,FAIL_REVIEW_UNAVAILABLE,
R06,D1,logical,128,belt-and-left-hip-pouch,Wide diagonal brown belt with a rectangular pouch at the viewer-left hip,IMPORTANT,AMBIGUOUS,identity-review-unavailable,0.0,FAIL_REVIEW_UNAVAILABLE,
R06,D1,logical,128,white-gold-armored-greaves,Paired white armored greaves with gold-edged angular knee plates and cuffs,IMPORTANT,AMBIGUOUS,identity-review-unavailable,0.0,FAIL_REVIEW_UNAVAILABLE,
R06,D1,logical,160,long-pale-flowing-hair,Very long pale silver-blonde hair with loose locks flowing past the waist,CRITICAL,AMBIGUOUS,identity-review-unavailable,0.0,FAIL_REVIEW_UNAVAILABLE,
R06,D1,logical,160,blue-eyed-face,Fair anime-style face with large blue eyes,CRITICAL,AMBIGUOUS,identity-review-unavailable,0.0,FAIL_REVIEW_UNAVAILABLE,
R06,D1,logical,160,right-side-hair-bow,Navy ribbon bow with trailing tails and a small gold ornament at the temple,IMPORTANT,AMBIGUOUS,identity-review-unavailable,0.0,FAIL_REVIEW_UNAVAILABLE,
R06,D1,logical,160,ornate-long-staff,Long dark-blue staff with gold star-shaped finial and cross-shaped ornaments,CRITICAL,AMBIGUOUS,identity-review-unavailable,0.0,FAIL_REVIEW_UNAVAILABLE,
R06,D1,logical,160,navy-white-gold-dress,Fitted high-collar navy and white outfit with gold fastenings and split navy skirt panels,IMPORTANT,AMBIGUOUS,identity-review-unavailable,0.0,FAIL_REVIEW_UNAVAILABLE,
R06,D1,logical,160,long-white-draped-panels,Long white draped panels with gold edging hanging from both shoulders,IMPORTANT,AMBIGUOUS,identity-review-unavailable,0.0,FAIL_REVIEW_UNAVAILABLE,
R06,D1,logical,160,belt-and-left-hip-pouch,Wide diagonal brown belt with a rectangular pouch at the viewer-left hip,IMPORTANT,AMBIGUOUS,identity-review-unavailable,0.0,FAIL_REVIEW_UNAVAILABLE,
R06,D1,logical,160,white-gold-armored-greaves,Paired white armored greaves with gold-edged angular knee plates and cuffs,IMPORTANT,AMBIGUOUS,identity-review-unavailable,0.0,FAIL_REVIEW_UNAVAILABLE,
R06,D1,logical,192,long-pale-flowing-hair,Very long pale silver-blonde hair with loose locks flowing past the waist,CRITICAL,AMBIGUOUS,identity-review-unavailable,0.0,FAIL_REVIEW_UNAVAILABLE,
R06,D1,logical,192,blue-eyed-face,Fair anime-style face with large blue eyes,CRITICAL,AMBIGUOUS,identity-review-unavailable,0.0,FAIL_REVIEW_UNAVAILABLE,
R06,D1,logical,192,right-side-hair-bow,Navy ribbon bow with trailing tails and a small gold ornament at the temple,IMPORTANT,AMBIGUOUS,identity-review-unavailable,0.0,FAIL_REVIEW_UNAVAILABLE,
R06,D1,logical,192,ornate-long-staff,Long dark-blue staff with gold star-shaped finial and cross-shaped ornaments,CRITICAL,AMBIGUOUS,identity-review-unavailable,0.0,FAIL_REVIEW_UNAVAILABLE,
R06,D1,logical,192,navy-white-gold-dress,Fitted high-collar navy and white outfit with gold fastenings and split navy skirt panels,IMPORTANT,AMBIGUOUS,identity-review-unavailable,0.0,FAIL_REVIEW_UNAVAILABLE,
R06,D1,logical,192,long-white-draped-panels,Long white draped panels with gold edging hanging from both shoulders,IMPORTANT,AMBIGUOUS,identity-review-unavailable,0.0,FAIL_REVIEW_UNAVAILABLE,
R06,D1,logical,192,belt-and-left-hip-pouch,Wide diagonal brown belt with a rectangular pouch at the viewer-left hip,IMPORTANT,AMBIGUOUS,identity-review-unavailable,0.0,FAIL_REVIEW_UNAVAILABLE,
R06,D1,logical,192,white-gold-armored-greaves,Paired white armored greaves with gold-edged angular knee plates and cuffs,IMPORTANT,AMBIGUOUS,identity-review-unavailable,0.0,FAIL_REVIEW_UNAVAILABLE,
R06,D1,logical,256,long-pale-flowing-hair,Very long pale silver-blonde hair with loose locks flowing past the waist,CRITICAL,AMBIGUOUS,identity-review-unavailable,0.0,FAIL_REVIEW_UNAVAILABLE,
R06,D1,logical,256,blue-eyed-face,Fair anime-style face with large blue eyes,CRITICAL,AMBIGUOUS,identity-review-unavailable,0.0,FAIL_REVIEW_UNAVAILABLE,
R06,D1,logical,256,right-side-hair-bow,Navy ribbon bow with trailing tails and a small gold ornament at the temple,IMPORTANT,AMBIGUOUS,identity-review-unavailable,0.0,FAIL_REVIEW_UNAVAILABLE,
R06,D1,logical,256,ornate-long-staff,Long dark-blue staff with gold star-shaped finial and cross-shaped ornaments,CRITICAL,AMBIGUOUS,identity-review-unavailable,0.0,FAIL_REVIEW_UNAVAILABLE,
R06,D1,logical,256,navy-white-gold-dress,Fitted high-collar navy and white outfit with gold fastenings and split navy skirt panels,IMPORTANT,AMBIGUOUS,identity-review-unavailable,0.0,FAIL_REVIEW_UNAVAILABLE,
R06,D1,logical,256,long-white-draped-panels,Long white draped panels with gold edging hanging from both shoulders,IMPORTANT,AMBIGUOUS,identity-review-unavailable,0.0,FAIL_REVIEW_UNAVAILABLE,
R06,D1,logical,256,belt-and-left-hip-pouch,Wide diagonal brown belt with a rectangular pouch at the viewer-left hip,IMPORTANT,AMBIGUOUS,identity-review-unavailable,0.0,FAIL_REVIEW_UNAVAILABLE,
R06,D1,logical,256,white-gold-armored-greaves,Paired white armored greaves with gold-edged angular knee plates and cuffs,IMPORTANT,AMBIGUOUS,identity-review-unavailable,0.0,FAIL_REVIEW_UNAVAILABLE,
R06,D1,semantic,,long-pale-flowing-hair,Very long pale silver-blonde hair with loose locks flowing past the waist,CRITICAL,SIMPLIFIED,"Pale hair still frames the face and flows past the waist, though individual locks are less detailed.",0.97,PASS_REVIEW_RESPONSE,01a0ce92-aba8-72f1-b1ec-50c81ffd4579
R06,D1,semantic,,blue-eyed-face,Fair anime-style face with large blue eyes,CRITICAL,SIMPLIFIED,The centered fair face and both blue eyes remain visible; facial details are reduced.,0.98,PASS_REVIEW_RESPONSE,01a0ce92-aba8-72f1-b1ec-50c81ffd4579
R06,D1,semantic,,right-side-hair-bow,Navy ribbon bow with trailing tails and a small gold ornament at the temple,IMPORTANT,SIMPLIFIED,A navy bow with trailing tails and a small gold ornament remains beside the image-right temple.,0.96,PASS_REVIEW_RESPONSE,01a0ce92-aba8-72f1-b1ec-50c81ffd4579
R06,D1,semantic,,ornate-long-staff,Long dark-blue staff with gold star-shaped finial and cross-shaped ornaments,CRITICAL,SIMPLIFIED,"The image-left upright dark-blue staff retains its gold star finial and cross-shaped ornaments, with reduced detail.",0.98,PASS_REVIEW_RESPONSE,01a0ce92-aba8-72f1-b1ec-50c81ffd4579
R06,D1,semantic,,navy-white-gold-dress,Fitted high-collar navy and white outfit with gold fastenings and split navy skirt panels,IMPORTANT,SIMPLIFIED,"The high-collar navy and white outfit, gold fastenings, and split navy skirt panels remain recognizable with reduced detail.",0.97,PASS_REVIEW_RESPONSE,01a0ce92-aba8-72f1-b1ec-50c81ffd4579
R06,D1,semantic,,long-white-draped-panels,Long white draped panels with gold edging hanging from both shoulders,IMPORTANT,SIMPLIFIED,"Long white, gold-edged panels still hang from both shoulders and frame the outfit down toward the lower legs.",0.97,PASS_REVIEW_RESPONSE,01a0ce92-aba8-72f1-b1ec-50c81ffd4579
R06,D1,semantic,,belt-and-left-hip-pouch,Wide diagonal brown belt with a rectangular pouch at the viewer-left hip,IMPORTANT,SIMPLIFIED,"A diagonal brown belt and rectangular pouch remain visible at the image-left hip, with reduced detail.",0.96,PASS_REVIEW_RESPONSE,01a0ce92-aba8-72f1-b1ec-50c81ffd4579
R06,D1,semantic,,white-gold-armored-greaves,Paired white armored greaves with gold-edged angular knee plates and cuffs,IMPORTANT,SIMPLIFIED,"Both bright lower-leg greaves retain angular gold-edged knee plates and cuffs, though their detailing is reduced.",0.96,PASS_REVIEW_RESPONSE,01a0ce92-aba8-72f1-b1ec-50c81ffd4579
R07,D1,logical,128,voluminous-white-hair,Voluminous white hair with a curled forelock and long flowing locks,CRITICAL,SIMPLIFIED,"Pale rounded hair, top curl, and long side locks remain recognizable with reduced strand detail.",0.94,PASS_REVIEW_RESPONSE,01a0ce9f-b7bf-7100-bd70-8ef367703663
R07,D1,logical,128,large-green-eyes,Large bright green eyes,CRITICAL,SIMPLIFIED,"Both eyes read as bright green, though their shape and detail are very small.",0.9,PASS_REVIEW_RESPONSE,01a0ce9f-b7bf-7100-bd70-8ef367703663
R07,D1,logical,128,right-flower-hair-ornament,White flower with gold and green leaf details beside the hair,CRITICAL,SIMPLIFIED,A tiny pale blossom with gold and green accents remains visible on image-right.,0.84,PASS_REVIEW_RESPONSE,01a0ce9f-b7bf-7100-bd70-8ef367703663
R07,D1,logical,128,branch-staff-and-green-crystal,Tall twisted brown branch staff with a faceted green crystal,CRITICAL,SIMPLIFIED,"Image-left brown staff and green diamond-shaped crystal are visible, with little facet detail.",0.9,PASS_REVIEW_RESPONSE,01a0ce9f-b7bf-7100-bd70-8ef367703663
R07,D1,logical,128,green-cream-gold-tunic,Forest-green tunic with cream panels and gold edging,IMPORTANT,SIMPLIFIED,"Green garment, pale inset, and gold edging remain distinguishable at small scale.",0.88,PASS_REVIEW_RESPONSE,01a0ce9f-b7bf-7100-bd70-8ef367703663
R07,D1,logical,128,leather-belt-and-side-pouch,Wide brown leather belt with a gold-edged buckle and side pouch,IMPORTANT,AMBIGUOUS,"Brown waist belt and gold buckle show, but a separate image-right pouch is difficult to confirm.",0.64,PASS_REVIEW_RESPONSE,01a0ce9f-b7bf-7100-bd70-8ef367703663
R07,D1,logical,160,voluminous-white-hair,Voluminous white hair with a curled forelock and long flowing locks,CRITICAL,SIMPLIFIED,"The pale volume, curled forelock, and flowing side locks are clear, with fewer strand details.",0.95,PASS_REVIEW_RESPONSE,01a0ce9f-b7bf-7100-bd70-8ef367703663
R07,D1,logical,160,large-green-eyes,Large bright green eyes,CRITICAL,SIMPLIFIED,Both separated eyes are visibly green and prominent on the pale face.,0.93,PASS_REVIEW_RESPONSE,01a0ce9f-b7bf-7100-bd70-8ef367703663
R07,D1,logical,160,right-flower-hair-ornament,White flower with gold and green leaf details beside the hair,CRITICAL,PRESERVED,The image-right white flower and its gold-green accents remain distinct.,0.88,PASS_REVIEW_RESPONSE,01a0ce9f-b7bf-7100-bd70-8ef367703663
R07,D1,logical,160,branch-staff-and-green-crystal,Tall twisted brown branch staff with a faceted green crystal,CRITICAL,SIMPLIFIED,"The twisted brown staff and image-left green crystal are distinct, though crystal facets are reduced.",0.93,PASS_REVIEW_RESPONSE,01a0ce9f-b7bf-7100-bd70-8ef367703663
R07,D1,logical,160,green-cream-gold-tunic,Forest-green tunic with cream panels and gold edging,IMPORTANT,SIMPLIFIED,"Green fabric, cream panels, and gold borders are readable with simplified trim.",0.92,PASS_REVIEW_RESPONSE,01a0ce9f-b7bf-7100-bd70-8ef367703663
R07,D1,logical,160,leather-belt-and-side-pouch,Wide brown leather belt with a gold-edged buckle and side pouch,IMPORTANT,SIMPLIFIED,The waist belt and buckle show; a small brown pouch is visible at the image-right hip.,0.79,PASS_REVIEW_RESPONSE,01a0ce9f-b7bf-7100-bd70-8ef367703663
R07,D1,logical,192,voluminous-white-hair,Voluminous white hair with a curled forelock and long flowing locks,CRITICAL,PRESERVED,"The large pale silhouette, curled forelock, and long locks on both sides are clear.",0.96,PASS_REVIEW_RESPONSE,01a0ce9f-b7bf-7100-bd70-8ef367703663
R07,D1,logical,192,large-green-eyes,Large bright green eyes,CRITICAL,PRESERVED,Both prominent eyes are clearly green and separated on the pale face.,0.95,PASS_REVIEW_RESPONSE,01a0ce9f-b7bf-7100-bd70-8ef367703663
R07,D1,logical,192,right-flower-hair-ornament,White flower with gold and green leaf details beside the hair,CRITICAL,PRESERVED,A distinct white flower with gold and green leaf details sits beside the image-right hair.,0.93,PASS_REVIEW_RESPONSE,01a0ce9f-b7bf-7100-bd70-8ef367703663
R07,D1,logical,192,branch-staff-and-green-crystal,Tall twisted brown branch staff with a faceted green crystal,CRITICAL,PRESERVED,The image-left twisted branch and faceted green crystal are readily recognizable.,0.95,PASS_REVIEW_RESPONSE,01a0ce9f-b7bf-7100-bd70-8ef367703663
R07,D1,logical,192,green-cream-gold-tunic,Forest-green tunic with cream panels and gold edging,IMPORTANT,PRESERVED,"Green tunic, cream panels, and gold edging remain clearly distinct.",0.94,PASS_REVIEW_RESPONSE,01a0ce9f-b7bf-7100-bd70-8ef367703663
R07,D1,logical,192,leather-belt-and-side-pouch,Wide brown leather belt with a gold-edged buckle and side pouch,IMPORTANT,PRESERVED,"The broad brown belt, gold-edged buckle, and image-right hip pouch are distinguishable.",0.87,PASS_REVIEW_RESPONSE,01a0ce9f-b7bf-7100-bd70-8ef367703663
R07,D1,logical,256,voluminous-white-hair,Voluminous white hair with a curled forelock and long flowing locks,CRITICAL,PRESERVED,"The voluminous white hair, curled forelock, and long flowing locks are all clear.",0.98,PASS_REVIEW_RESPONSE,01a0ce9f-b7bf-7100-bd70-8ef367703663
R07,D1,logical,256,large-green-eyes,Large bright green eyes,CRITICAL,PRESERVED,"Both large, bright green eyes are prominent and clearly separated.",0.98,PASS_REVIEW_RESPONSE,01a0ce9f-b7bf-7100-bd70-8ef367703663
R07,D1,logical,256,right-flower-hair-ornament,White flower with gold and green leaf details beside the hair,CRITICAL,PRESERVED,The image-right white blossom and its gold-green leaves are distinct.,0.97,PASS_REVIEW_RESPONSE,01a0ce9f-b7bf-7100-bd70-8ef367703663
R07,D1,logical,256,branch-staff-and-green-crystal,Tall twisted brown branch staff with a faceted green crystal,CRITICAL,PRESERVED,The tall twisted brown branch and faceted green crystal are clearly visible on image-left.,0.98,PASS_REVIEW_RESPONSE,01a0ce9f-b7bf-7100-bd70-8ef367703663
R07,D1,logical,256,green-cream-gold-tunic,Forest-green tunic with cream panels and gold edging,IMPORTANT,PRESERVED,"Green fabric, cream inset panels, and gold borders are all easy to distinguish.",0.98,PASS_REVIEW_RESPONSE,01a0ce9f-b7bf-7100-bd70-8ef367703663
R07,D1,logical,256,leather-belt-and-side-pouch,Wide brown leather belt with a gold-edged buckle and side pouch,IMPORTANT,PRESERVED,"The wide brown belt, gold-edged central buckle, and image-right brown pouch are clear.",0.96,PASS_REVIEW_RESPONSE,01a0ce9f-b7bf-7100-bd70-8ef367703663
R07,D1,semantic,,voluminous-white-hair,Voluminous white hair with a curled forelock and long flowing locks,CRITICAL,SIMPLIFIED,"Large pale hair mass, curled forelock, and long locks on both sides remain recognizable in pixel form.",0.97,PASS_REVIEW_RESPONSE,01a0ce9e-6f2c-76d2-9669-73d40b8bc437
R07,D1,semantic,,large-green-eyes,Large bright green eyes,CRITICAL,SIMPLIFIED,Both prominent eyes remain bright green and distinct on the pale face.,0.98,PASS_REVIEW_RESPONSE,01a0ce9e-6f2c-76d2-9669-73d40b8bc437
R07,D1,semantic,,right-flower-hair-ornament,White flower with gold and green leaf details beside the hair,CRITICAL,SIMPLIFIED,White-petaled flower with gold center and green leaves remains visible on image-right beside the hair.,0.96,PASS_REVIEW_RESPONSE,01a0ce9e-6f2c-76d2-9669-73d40b8bc437
R07,D1,semantic,,branch-staff-and-green-crystal,Tall twisted brown branch staff with a faceted green crystal,CRITICAL,SIMPLIFIED,Twisted brown staff remains along image-left with a faceted green crystal near its top.,0.97,PASS_REVIEW_RESPONSE,01a0ce9e-6f2c-76d2-9669-73d40b8bc437
R07,D1,semantic,,green-cream-gold-tunic,Forest-green tunic with cream panels and gold edging,IMPORTANT,SIMPLIFIED,"Green torso and skirt, cream inset panels, and gold trim remain clearly distinguishable.",0.96,PASS_REVIEW_RESPONSE,01a0ce9e-6f2c-76d2-9669-73d40b8bc437
R07,D1,semantic,,leather-belt-and-side-pouch,Wide brown leather belt with a gold-edged buckle and side pouch,IMPORTANT,SIMPLIFIED,Brown waist belt with gold-edged buckle and a separate brown pouch on the image-right hip remain readable.,0.94,PASS_REVIEW_RESPONSE,01a0ce9e-6f2c-76d2-9669-73d40b8bc437
R08,D1,semantic,,face,"Small, softly featured face with large brown eyes",CRITICAL,AMBIGUOUS,required-side-relation-not-preserved,0.96,PASS_REVIEW_RESPONSE,01a0cea4-8cb2-78e1-9ba4-4114ac82476a
R08,D1,semantic,,loose-bun-hairstyle,Light brown hair in a loose high bun with long face-framing strands,CRITICAL,AMBIGUOUS,required-side-relation-not-preserved,0.97,PASS_REVIEW_RESPONSE,01a0cea4-8cb2-78e1-9ba4-4114ac82476a
R08,D1,semantic,,trailing-blue-hair-ribbon,Dark blue ribbon tails trailing from the bun,IMPORTANT,PRESERVED,Dark blue ribbon tails remain distinct and trail to image-right from the bun.,0.94,PASS_REVIEW_RESPONSE,01a0cea4-8cb2-78e1-9ba4-4114ac82476a
R08,D1,semantic,,sweeping-olive-cloak,Large muted olive-gray cloak with a broad draped shoulder and flared hem,CRITICAL,PRESERVED,"Muted olive-gray cloak retains its broad draped shoulders and flared hem, especially to image-right.",0.98,PASS_REVIEW_RESPONSE,01a0cea4-8cb2-78e1-9ba4-4114ac82476a
R08,D1,semantic,,ivory-dress-and-dark-panels,Long ivory dress with narrow dark blue vertical front panels,IMPORTANT,PRESERVED,Long ivory skirt and narrow dark vertical front panels remain distinct beneath the outerwear.,0.97,PASS_REVIEW_RESPONSE,01a0cea4-8cb2-78e1-9ba4-4114ac82476a
R08,D1,semantic,,strapped-travel-pack,Large brown travel pack with visible strapped pockets behind the shoulders,IMPORTANT,SIMPLIFIED,Bulky brown pack with visible strapped compartments remains behind the image-right shoulder.,0.94,PASS_REVIEW_RESPONSE,01a0cea4-8cb2-78e1-9ba4-4114ac82476a
R08,D1,semantic,,held-decorated-book,"Rectangular dark brown book with worn gold detailing, held at the viewer's left",CRITICAL,SIMPLIFIED,Dark brown rectangular book remains held at image-left; worn gold cover details are coarsened.,0.94,PASS_REVIEW_RESPONSE,01a0cea4-8cb2-78e1-9ba4-4114ac82476a
R08,D1,semantic,,hanging-lantern,Small brass-framed lantern hanging at the viewer-right hip,CRITICAL,SIMPLIFIED,Small framed lantern with a pale glass body remains visible at the image-right hip.,0.91,PASS_REVIEW_RESPONSE,01a0cea4-8cb2-78e1-9ba4-4114ac82476a
R08,D1,semantic,,round-hanging-watch,Round pale-faced watch hanging at the front waist,IMPORTANT,PRESERVED,A round pale-faced watch remains distinct at the front waist.,0.93,PASS_REVIEW_RESPONSE,01a0cea4-8cb2-78e1-9ba4-4114ac82476a
R00,D2,logical,128,spiky-charcoal-hair,"Voluminous, uneven charcoal-black hair with pointed outer tufts and long bangs across the forehead",CRITICAL,SIMPLIFIED,"Charcoal hair forms a broad, uneven silhouette with pointed tufts and bangs.",0.93,PASS_REVIEW_RESPONSE,01a0ce81-29c9-7b71-acb5-18c5af221cc3
R00,D2,logical,128,pale-anime-face,"Light peach human face with visible ears, rounded cheeks, and a tapered chin",CRITICAL,SIMPLIFIED,"Centered peach face, ears, rounded cheeks, and tapered chin remain readable.",0.9,PASS_REVIEW_RESPONSE,01a0ce81-29c9-7b71-acb5-18c5af221cc3
R00,D2,logical,128,narrow-brown-eyes,Pair of narrow eyes with dark brown irises and pale sclera,CRITICAL,SIMPLIFIED,"Both narrow eyes are visible beneath the bangs, with pale sclera and dark centers.",0.82,PASS_REVIEW_RESPONSE,01a0ce81-29c9-7b71-acb5-18c5af221cc3
R00,D2,logical,128,small-neutral-mouth,"Small closed, neutral mouth",OPTIONAL,SIMPLIFIED,A tiny closed horizontal mouth line remains below the nose.,0.72,PASS_REVIEW_RESPONSE,01a0ce81-29c9-7b71-acb5-18c5af221cc3
R00,D2,logical,128,gray-crew-neck-collar,Medium-gray rounded crew-neck collar framing the base of the neck,IMPORTANT,SIMPLIFIED,A darker gray curved neckline frames the exposed neck.,0.84,PASS_REVIEW_RESPONSE,01a0ce81-29c9-7b71-acb5-18c5af221cc3
R00,D2,logical,128,broad-gray-shirt,Broad medium-gray shirt with sloping shoulders,IMPORTANT,PRESERVED,The medium-gray shirt fills the lower frame with sloping shoulders.,0.96,PASS_REVIEW_RESPONSE,01a0ce81-29c9-7b71-acb5-18c5af221cc3
R00,D2,logical,160,spiky-charcoal-hair,"Voluminous, uneven charcoal-black hair with pointed outer tufts and long bangs across the forehead",CRITICAL,SIMPLIFIED,Layered charcoal hair keeps its uneven pointed outline and long bangs.,0.94,PASS_REVIEW_RESPONSE,01a0ce81-29c9-7b71-acb5-18c5af221cc3
R00,D2,logical,160,pale-anime-face,"Light peach human face with visible ears, rounded cheeks, and a tapered chin",CRITICAL,SIMPLIFIED,"Centered peach face with visible ears, rounded cheeks, and tapered chin.",0.93,PASS_REVIEW_RESPONSE,01a0ce81-29c9-7b71-acb5-18c5af221cc3
R00,D2,logical,160,narrow-brown-eyes,Pair of narrow eyes with dark brown irises and pale sclera,CRITICAL,SIMPLIFIED,"The pair is distinct beneath the bangs, with light sclera and dark brown centers.",0.88,PASS_REVIEW_RESPONSE,01a0ce81-29c9-7b71-acb5-18c5af221cc3
R00,D2,logical,160,small-neutral-mouth,"Small closed, neutral mouth",OPTIONAL,SIMPLIFIED,A short closed mouth line is visible below the nose.,0.81,PASS_REVIEW_RESPONSE,01a0ce81-29c9-7b71-acb5-18c5af221cc3
R00,D2,logical,160,gray-crew-neck-collar,Medium-gray rounded crew-neck collar framing the base of the neck,IMPORTANT,SIMPLIFIED,The curved gray collar is distinct around the base of the neck.,0.9,PASS_REVIEW_RESPONSE,01a0ce81-29c9-7b71-acb5-18c5af221cc3
R00,D2,logical,160,broad-gray-shirt,Broad medium-gray shirt with sloping shoulders,IMPORTANT,PRESERVED,The broad medium-gray shirt and sloping shoulders remain clear.,0.97,PASS_REVIEW_RESPONSE,01a0ce81-29c9-7b71-acb5-18c5af221cc3
R00,D2,logical,192,spiky-charcoal-hair,"Voluminous, uneven charcoal-black hair with pointed outer tufts and long bangs across the forehead",CRITICAL,SIMPLIFIED,Charcoal layered hair retains pointed outer tufts and bangs across the forehead.,0.96,PASS_REVIEW_RESPONSE,01a0ce81-29c9-7b71-acb5-18c5af221cc3
R00,D2,logical,192,pale-anime-face,"Light peach human face with visible ears, rounded cheeks, and a tapered chin",CRITICAL,SIMPLIFIED,"The centered peach face, both ears, rounded cheeks, and tapered chin are clear.",0.95,PASS_REVIEW_RESPONSE,01a0ce81-29c9-7b71-acb5-18c5af221cc3
R00,D2,logical,192,narrow-brown-eyes,Pair of narrow eyes with dark brown irises and pale sclera,CRITICAL,PRESERVED,Both narrow eyes show pale sclera and dark brown irises beneath the bangs.,0.91,PASS_REVIEW_RESPONSE,01a0ce81-29c9-7b71-acb5-18c5af221cc3
R00,D2,logical,192,small-neutral-mouth,"Small closed, neutral mouth",OPTIONAL,SIMPLIFIED,A small closed neutral line is visible below the nose.,0.88,PASS_REVIEW_RESPONSE,01a0ce81-29c9-7b71-acb5-18c5af221cc3
R00,D2,logical,192,gray-crew-neck-collar,Medium-gray rounded crew-neck collar framing the base of the neck,IMPORTANT,PRESERVED,The rounded medium-gray neckline clearly frames the exposed neck.,0.94,PASS_REVIEW_RESPONSE,01a0ce81-29c9-7b71-acb5-18c5af221cc3
R00,D2,logical,192,broad-gray-shirt,Broad medium-gray shirt with sloping shoulders,IMPORTANT,PRESERVED,The broad gray garment fills the lower frame with sloping shoulders.,0.98,PASS_REVIEW_RESPONSE,01a0ce81-29c9-7b71-acb5-18c5af221cc3
R00,D2,logical,256,spiky-charcoal-hair,"Voluminous, uneven charcoal-black hair with pointed outer tufts and long bangs across the forehead",CRITICAL,SIMPLIFIED,"The charcoal hair remains broad and uneven, with pointed tufts and distinct bangs.",0.97,PASS_REVIEW_RESPONSE,01a0ce81-29c9-7b71-acb5-18c5af221cc3
R00,D2,logical,256,pale-anime-face,"Light peach human face with visible ears, rounded cheeks, and a tapered chin",CRITICAL,SIMPLIFIED,"Centered peach face retains visible ears, rounded cheeks, and tapered chin.",0.96,PASS_REVIEW_RESPONSE,01a0ce81-29c9-7b71-acb5-18c5af221cc3
R00,D2,logical,256,narrow-brown-eyes,Pair of narrow eyes with dark brown irises and pale sclera,CRITICAL,PRESERVED,"The narrow eye pair is clear, with pale sclera and dark brown irises.",0.94,PASS_REVIEW_RESPONSE,01a0ce81-29c9-7b71-acb5-18c5af221cc3
R00,D2,logical,256,small-neutral-mouth,"Small closed, neutral mouth",OPTIONAL,SIMPLIFIED,A short closed neutral mouth line remains centered below the nose.,0.91,PASS_REVIEW_RESPONSE,01a0ce81-29c9-7b71-acb5-18c5af221cc3
R00,D2,logical,256,gray-crew-neck-collar,Medium-gray rounded crew-neck collar framing the base of the neck,IMPORTANT,PRESERVED,A rounded gray collar is clearly separated around the exposed neck.,0.96,PASS_REVIEW_RESPONSE,01a0ce81-29c9-7b71-acb5-18c5af221cc3
R00,D2,logical,256,broad-gray-shirt,Broad medium-gray shirt with sloping shoulders,IMPORTANT,PRESERVED,The medium-gray shirt spans the lower frame with broad sloping shoulders.,0.99,PASS_REVIEW_RESPONSE,01a0ce81-29c9-7b71-acb5-18c5af221cc3
R00,D2,semantic,,spiky-charcoal-hair,"Voluminous, uneven charcoal-black hair with pointed outer tufts and long bangs across the forehead",CRITICAL,SIMPLIFIED,"Broad charcoal hair retains its pointed silhouette and long bangs, with detail reduced to pixel shapes.",0.98,PASS_REVIEW_RESPONSE,01a0ce80-2621-70c2-9a98-fe23fca181ba
R00,D2,semantic,,pale-anime-face,"Light peach human face with visible ears, rounded cheeks, and a tapered chin",CRITICAL,SIMPLIFIED,"Centered peach face, both ears, rounded cheeks, and tapered chin remain recognizable in pixel art.",0.98,PASS_REVIEW_RESPONSE,01a0ce80-2621-70c2-9a98-fe23fca181ba
R00,D2,semantic,,narrow-brown-eyes,Pair of narrow eyes with dark brown irises and pale sclera,CRITICAL,SIMPLIFIED,"Both horizontally placed eyes retain pale sclera and dark brown irises, with simplified pixel detail.",0.95,PASS_REVIEW_RESPONSE,01a0ce80-2621-70c2-9a98-fe23fca181ba
R00,D2,semantic,,small-neutral-mouth,"Small closed, neutral mouth",OPTIONAL,SIMPLIFIED,A small closed neutral line remains centered below the nose.,0.91,PASS_REVIEW_RESPONSE,01a0ce80-2621-70c2-9a98-fe23fca181ba
R00,D2,semantic,,gray-crew-neck-collar,Medium-gray rounded crew-neck collar framing the base of the neck,IMPORTANT,SIMPLIFIED,"A rounded gray neckline still frames the base of the neck, with a thicker pixelated outline.",0.96,PASS_REVIEW_RESPONSE,01a0ce80-2621-70c2-9a98-fe23fca181ba
R00,D2,semantic,,broad-gray-shirt,Broad medium-gray shirt with sloping shoulders,IMPORTANT,SIMPLIFIED,The broad gray shirt and sloping shoulders fill the lower frame; shading and edges are pixelated.,0.99,PASS_REVIEW_RESPONSE,01a0ce80-2621-70c2-9a98-fe23fca181ba
R03,D2,semantic,,upright-bear-silhouette,Broad upright bear build with rounded ears and large paws,CRITICAL,SIMPLIFIED,"The full figure remains a stocky upright brown bear with rounded ears, thick limbs, and broad feet, rendered in blocky pixel art.",0.98,PASS_REVIEW_RESPONSE,01a0ce89-a439-72d1-84e0-9594d27572e8
R03,D2,semantic,,rounded-inner-ears,Two rounded ears with lighter tan inner areas,CRITICAL,SIMPLIFIED,"Both rounded brown ears remain distinct, with contrasting tan inner areas.",0.98,PASS_REVIEW_RESPONSE,01a0ce89-a439-72d1-84e0-9594d27572e8
R03,D2,semantic,,smiling-bear-face,"Expressive face with dark eyes and brows, tan muzzle, black nose, and open smile",CRITICAL,SIMPLIFIED,"The centered face retains dark brows and eyes, a tan muzzle, dark nose, and open smiling mouth with tongue.",0.98,PASS_REVIEW_RESPONSE,01a0ce89-a439-72d1-84e0-9594d27572e8
R03,D2,semantic,,tan-belly-patch,Large oval tan belly patch,CRITICAL,AMBIGUOUS,required-color-relation-not-preserved,0.99,PASS_REVIEW_RESPONSE,01a0ce89-a439-72d1-84e0-9594d27572e8
R03,D2,semantic,,red-neck-scarf,Bright red scarf wrapped around the neck,IMPORTANT,SIMPLIFIED,A bright red scarf remains clearly visible as a broad band below the head.,0.98,PASS_REVIEW_RESPONSE,01a0ce89-a439-72d1-84e0-9594d27572e8
R03,D2,semantic,,crossbody-strap-buckle,Dark brown diagonal satchel strap with a small gold buckle,IMPORTANT,AMBIGUOUS,required-color-relation-not-preserved,0.92,PASS_REVIEW_RESPONSE,01a0ce89-a439-72d1-84e0-9594d27572e8
R03,D2,semantic,,right-hip-satchel,Brown satchel pouch with a round gold button,IMPORTANT,SIMPLIFIED,A brown pouch remains on the image-right hip with a distinct round gold button.,0.97,PASS_REVIEW_RESPONSE,01a0ce89-a439-72d1-84e0-9594d27572e8
R05,D2,logical,128,sweeping-silver-hair,Very long silver-white hair spreads into broad looping locks around and behind the body,CRITICAL,AMBIGUOUS,identity-review-unavailable,0.0,FAIL_REVIEW_UNAVAILABLE,
R05,D2,logical,128,blue-eyed-face,Small pale face with large blue eyes and a subtle smile,CRITICAL,AMBIGUOUS,identity-review-unavailable,0.0,FAIL_REVIEW_UNAVAILABLE,
R05,D2,logical,128,right-hair-flower,White flower with a gold center worn in the hair,CRITICAL,AMBIGUOUS,identity-review-unavailable,0.0,FAIL_REVIEW_UNAVAILABLE,
R05,D2,logical,128,navy-jeweled-neck-bow,Dark navy neck bow with a blue diamond-shaped jewel,CRITICAL,AMBIGUOUS,identity-review-unavailable,0.0,FAIL_REVIEW_UNAVAILABLE,
R05,D2,logical,128,ornate-navy-bodice,Fitted navy bodice with gold decoration and a blue center jewel,IMPORTANT,AMBIGUOUS,identity-review-unavailable,0.0,FAIL_REVIEW_UNAVAILABLE,
R05,D2,logical,128,layered-white-skirt,Short layered white ruffle skirt with navy and gold-trimmed panels,IMPORTANT,AMBIGUOUS,identity-review-unavailable,0.0,FAIL_REVIEW_UNAVAILABLE,
R05,D2,logical,128,white-blue-ornamented-boots,White knee-high boots with navy straps and blue jewel accents,IMPORTANT,AMBIGUOUS,identity-review-unavailable,0.0,FAIL_REVIEW_UNAVAILABLE,
R05,D2,logical,160,sweeping-silver-hair,Very long silver-white hair spreads into broad looping locks around and behind the body,CRITICAL,AMBIGUOUS,identity-review-unavailable,0.0,FAIL_REVIEW_UNAVAILABLE,
R05,D2,logical,160,blue-eyed-face,Small pale face with large blue eyes and a subtle smile,CRITICAL,AMBIGUOUS,identity-review-unavailable,0.0,FAIL_REVIEW_UNAVAILABLE,
R05,D2,logical,160,right-hair-flower,White flower with a gold center worn in the hair,CRITICAL,AMBIGUOUS,identity-review-unavailable,0.0,FAIL_REVIEW_UNAVAILABLE,
R05,D2,logical,160,navy-jeweled-neck-bow,Dark navy neck bow with a blue diamond-shaped jewel,CRITICAL,AMBIGUOUS,identity-review-unavailable,0.0,FAIL_REVIEW_UNAVAILABLE,
R05,D2,logical,160,ornate-navy-bodice,Fitted navy bodice with gold decoration and a blue center jewel,IMPORTANT,AMBIGUOUS,identity-review-unavailable,0.0,FAIL_REVIEW_UNAVAILABLE,
R05,D2,logical,160,layered-white-skirt,Short layered white ruffle skirt with navy and gold-trimmed panels,IMPORTANT,AMBIGUOUS,identity-review-unavailable,0.0,FAIL_REVIEW_UNAVAILABLE,
R05,D2,logical,160,white-blue-ornamented-boots,White knee-high boots with navy straps and blue jewel accents,IMPORTANT,AMBIGUOUS,identity-review-unavailable,0.0,FAIL_REVIEW_UNAVAILABLE,
R05,D2,logical,192,sweeping-silver-hair,Very long silver-white hair spreads into broad looping locks around and behind the body,CRITICAL,AMBIGUOUS,identity-review-unavailable,0.0,FAIL_REVIEW_UNAVAILABLE,
R05,D2,logical,192,blue-eyed-face,Small pale face with large blue eyes and a subtle smile,CRITICAL,AMBIGUOUS,identity-review-unavailable,0.0,FAIL_REVIEW_UNAVAILABLE,
R05,D2,logical,192,right-hair-flower,White flower with a gold center worn in the hair,CRITICAL,AMBIGUOUS,identity-review-unavailable,0.0,FAIL_REVIEW_UNAVAILABLE,
R05,D2,logical,192,navy-jeweled-neck-bow,Dark navy neck bow with a blue diamond-shaped jewel,CRITICAL,AMBIGUOUS,identity-review-unavailable,0.0,FAIL_REVIEW_UNAVAILABLE,
R05,D2,logical,192,ornate-navy-bodice,Fitted navy bodice with gold decoration and a blue center jewel,IMPORTANT,AMBIGUOUS,identity-review-unavailable,0.0,FAIL_REVIEW_UNAVAILABLE,
R05,D2,logical,192,layered-white-skirt,Short layered white ruffle skirt with navy and gold-trimmed panels,IMPORTANT,AMBIGUOUS,identity-review-unavailable,0.0,FAIL_REVIEW_UNAVAILABLE,
R05,D2,logical,192,white-blue-ornamented-boots,White knee-high boots with navy straps and blue jewel accents,IMPORTANT,AMBIGUOUS,identity-review-unavailable,0.0,FAIL_REVIEW_UNAVAILABLE,
R05,D2,logical,256,sweeping-silver-hair,Very long silver-white hair spreads into broad looping locks around and behind the body,CRITICAL,AMBIGUOUS,identity-review-unavailable,0.0,FAIL_REVIEW_UNAVAILABLE,
R05,D2,logical,256,blue-eyed-face,Small pale face with large blue eyes and a subtle smile,CRITICAL,AMBIGUOUS,identity-review-unavailable,0.0,FAIL_REVIEW_UNAVAILABLE,
R05,D2,logical,256,right-hair-flower,White flower with a gold center worn in the hair,CRITICAL,AMBIGUOUS,identity-review-unavailable,0.0,FAIL_REVIEW_UNAVAILABLE,
R05,D2,logical,256,navy-jeweled-neck-bow,Dark navy neck bow with a blue diamond-shaped jewel,CRITICAL,AMBIGUOUS,identity-review-unavailable,0.0,FAIL_REVIEW_UNAVAILABLE,
R05,D2,logical,256,ornate-navy-bodice,Fitted navy bodice with gold decoration and a blue center jewel,IMPORTANT,AMBIGUOUS,identity-review-unavailable,0.0,FAIL_REVIEW_UNAVAILABLE,
R05,D2,logical,256,layered-white-skirt,Short layered white ruffle skirt with navy and gold-trimmed panels,IMPORTANT,AMBIGUOUS,identity-review-unavailable,0.0,FAIL_REVIEW_UNAVAILABLE,
R05,D2,logical,256,white-blue-ornamented-boots,White knee-high boots with navy straps and blue jewel accents,IMPORTANT,AMBIGUOUS,identity-review-unavailable,0.0,FAIL_REVIEW_UNAVAILABLE,
R05,D2,semantic,,sweeping-silver-hair,Very long silver-white hair spreads into broad looping locks around and behind the body,CRITICAL,SIMPLIFIED,Silver-white hair still spreads into broad looping locks around and behind the figure; detail is reduced.,0.96,PASS_REVIEW_RESPONSE,01a0ce8d-a454-7ca3-b024-ef7dca20ab66
R05,D2,semantic,,blue-eyed-face,Small pale face with large blue eyes and a subtle smile,CRITICAL,SIMPLIFIED,Centered pale face retains both large blue eyes and a subtle smile.,0.95,PASS_REVIEW_RESPONSE,01a0ce8d-a454-7ca3-b024-ef7dca20ab66
R05,D2,semantic,,right-hair-flower,White flower with a gold center worn in the hair,CRITICAL,SIMPLIFIED,A white flower with a gold center remains on the image-right side of the head.,0.93,PASS_REVIEW_RESPONSE,01a0ce8d-a454-7ca3-b024-ef7dca20ab66
R05,D2,semantic,,navy-jeweled-neck-bow,Dark navy neck bow with a blue diamond-shaped jewel,CRITICAL,SIMPLIFIED,The centered navy bow and blue diamond jewel remain directly below the face.,0.95,PASS_REVIEW_RESPONSE,01a0ce8d-a454-7ca3-b024-ef7dca20ab66
R05,D2,semantic,,ornate-navy-bodice,Fitted navy bodice with gold decoration and a blue center jewel,IMPORTANT,SIMPLIFIED,The fitted navy waist section retains gold decoration and a blue center jewel against the white blouse.,0.94,PASS_REVIEW_RESPONSE,01a0ce8d-a454-7ca3-b024-ef7dca20ab66
R05,D2,semantic,,layered-white-skirt,Short layered white ruffle skirt with navy and gold-trimmed panels,IMPORTANT,SIMPLIFIED,"Layered white ruffles and navy panels remain visible, with simpler pixelated edges.",0.93,PASS_REVIEW_RESPONSE,01a0ce8d-a454-7ca3-b024-ef7dca20ab66
R05,D2,semantic,,white-blue-ornamented-boots,White knee-high boots with navy straps and blue jewel accents,IMPORTANT,SIMPLIFIED,Both white boots retain navy crossed straps and blue jewel accents.,0.94,PASS_REVIEW_RESPONSE,01a0ce8d-a454-7ca3-b024-ef7dca20ab66
R06,D2,logical,128,long-pale-flowing-hair,Very long pale silver-blonde hair with loose locks flowing past the waist,CRITICAL,AMBIGUOUS,identity-review-unavailable,0.0,FAIL_REVIEW_UNAVAILABLE,
R06,D2,logical,128,blue-eyed-face,Fair anime-style face with large blue eyes,CRITICAL,AMBIGUOUS,identity-review-unavailable,0.0,FAIL_REVIEW_UNAVAILABLE,
R06,D2,logical,128,right-side-hair-bow,Navy ribbon bow with trailing tails and a small gold ornament at the temple,IMPORTANT,AMBIGUOUS,identity-review-unavailable,0.0,FAIL_REVIEW_UNAVAILABLE,
R06,D2,logical,128,ornate-long-staff,Long dark-blue staff with gold star-shaped finial and cross-shaped ornaments,CRITICAL,AMBIGUOUS,identity-review-unavailable,0.0,FAIL_REVIEW_UNAVAILABLE,
R06,D2,logical,128,navy-white-gold-dress,Fitted high-collar navy and white outfit with gold fastenings and split navy skirt panels,IMPORTANT,AMBIGUOUS,identity-review-unavailable,0.0,FAIL_REVIEW_UNAVAILABLE,
R06,D2,logical,128,long-white-draped-panels,Long white draped panels with gold edging hanging from both shoulders,IMPORTANT,AMBIGUOUS,identity-review-unavailable,0.0,FAIL_REVIEW_UNAVAILABLE,
R06,D2,logical,128,belt-and-left-hip-pouch,Wide diagonal brown belt with a rectangular pouch at the viewer-left hip,IMPORTANT,AMBIGUOUS,identity-review-unavailable,0.0,FAIL_REVIEW_UNAVAILABLE,
R06,D2,logical,128,white-gold-armored-greaves,Paired white armored greaves with gold-edged angular knee plates and cuffs,IMPORTANT,AMBIGUOUS,identity-review-unavailable,0.0,FAIL_REVIEW_UNAVAILABLE,
R06,D2,logical,160,long-pale-flowing-hair,Very long pale silver-blonde hair with loose locks flowing past the waist,CRITICAL,AMBIGUOUS,identity-review-unavailable,0.0,FAIL_REVIEW_UNAVAILABLE,
R06,D2,logical,160,blue-eyed-face,Fair anime-style face with large blue eyes,CRITICAL,AMBIGUOUS,identity-review-unavailable,0.0,FAIL_REVIEW_UNAVAILABLE,
R06,D2,logical,160,right-side-hair-bow,Navy ribbon bow with trailing tails and a small gold ornament at the temple,IMPORTANT,AMBIGUOUS,identity-review-unavailable,0.0,FAIL_REVIEW_UNAVAILABLE,
R06,D2,logical,160,ornate-long-staff,Long dark-blue staff with gold star-shaped finial and cross-shaped ornaments,CRITICAL,AMBIGUOUS,identity-review-unavailable,0.0,FAIL_REVIEW_UNAVAILABLE,
R06,D2,logical,160,navy-white-gold-dress,Fitted high-collar navy and white outfit with gold fastenings and split navy skirt panels,IMPORTANT,AMBIGUOUS,identity-review-unavailable,0.0,FAIL_REVIEW_UNAVAILABLE,
R06,D2,logical,160,long-white-draped-panels,Long white draped panels with gold edging hanging from both shoulders,IMPORTANT,AMBIGUOUS,identity-review-unavailable,0.0,FAIL_REVIEW_UNAVAILABLE,
R06,D2,logical,160,belt-and-left-hip-pouch,Wide diagonal brown belt with a rectangular pouch at the viewer-left hip,IMPORTANT,AMBIGUOUS,identity-review-unavailable,0.0,FAIL_REVIEW_UNAVAILABLE,
R06,D2,logical,160,white-gold-armored-greaves,Paired white armored greaves with gold-edged angular knee plates and cuffs,IMPORTANT,AMBIGUOUS,identity-review-unavailable,0.0,FAIL_REVIEW_UNAVAILABLE,
R06,D2,logical,192,long-pale-flowing-hair,Very long pale silver-blonde hair with loose locks flowing past the waist,CRITICAL,AMBIGUOUS,identity-review-unavailable,0.0,FAIL_REVIEW_UNAVAILABLE,
R06,D2,logical,192,blue-eyed-face,Fair anime-style face with large blue eyes,CRITICAL,AMBIGUOUS,identity-review-unavailable,0.0,FAIL_REVIEW_UNAVAILABLE,
R06,D2,logical,192,right-side-hair-bow,Navy ribbon bow with trailing tails and a small gold ornament at the temple,IMPORTANT,AMBIGUOUS,identity-review-unavailable,0.0,FAIL_REVIEW_UNAVAILABLE,
R06,D2,logical,192,ornate-long-staff,Long dark-blue staff with gold star-shaped finial and cross-shaped ornaments,CRITICAL,AMBIGUOUS,identity-review-unavailable,0.0,FAIL_REVIEW_UNAVAILABLE,
R06,D2,logical,192,navy-white-gold-dress,Fitted high-collar navy and white outfit with gold fastenings and split navy skirt panels,IMPORTANT,AMBIGUOUS,identity-review-unavailable,0.0,FAIL_REVIEW_UNAVAILABLE,
R06,D2,logical,192,long-white-draped-panels,Long white draped panels with gold edging hanging from both shoulders,IMPORTANT,AMBIGUOUS,identity-review-unavailable,0.0,FAIL_REVIEW_UNAVAILABLE,
R06,D2,logical,192,belt-and-left-hip-pouch,Wide diagonal brown belt with a rectangular pouch at the viewer-left hip,IMPORTANT,AMBIGUOUS,identity-review-unavailable,0.0,FAIL_REVIEW_UNAVAILABLE,
R06,D2,logical,192,white-gold-armored-greaves,Paired white armored greaves with gold-edged angular knee plates and cuffs,IMPORTANT,AMBIGUOUS,identity-review-unavailable,0.0,FAIL_REVIEW_UNAVAILABLE,
R06,D2,logical,256,long-pale-flowing-hair,Very long pale silver-blonde hair with loose locks flowing past the waist,CRITICAL,AMBIGUOUS,identity-review-unavailable,0.0,FAIL_REVIEW_UNAVAILABLE,
R06,D2,logical,256,blue-eyed-face,Fair anime-style face with large blue eyes,CRITICAL,AMBIGUOUS,identity-review-unavailable,0.0,FAIL_REVIEW_UNAVAILABLE,
R06,D2,logical,256,right-side-hair-bow,Navy ribbon bow with trailing tails and a small gold ornament at the temple,IMPORTANT,AMBIGUOUS,identity-review-unavailable,0.0,FAIL_REVIEW_UNAVAILABLE,
R06,D2,logical,256,ornate-long-staff,Long dark-blue staff with gold star-shaped finial and cross-shaped ornaments,CRITICAL,AMBIGUOUS,identity-review-unavailable,0.0,FAIL_REVIEW_UNAVAILABLE,
R06,D2,logical,256,navy-white-gold-dress,Fitted high-collar navy and white outfit with gold fastenings and split navy skirt panels,IMPORTANT,AMBIGUOUS,identity-review-unavailable,0.0,FAIL_REVIEW_UNAVAILABLE,
R06,D2,logical,256,long-white-draped-panels,Long white draped panels with gold edging hanging from both shoulders,IMPORTANT,AMBIGUOUS,identity-review-unavailable,0.0,FAIL_REVIEW_UNAVAILABLE,
R06,D2,logical,256,belt-and-left-hip-pouch,Wide diagonal brown belt with a rectangular pouch at the viewer-left hip,IMPORTANT,AMBIGUOUS,identity-review-unavailable,0.0,FAIL_REVIEW_UNAVAILABLE,
R06,D2,logical,256,white-gold-armored-greaves,Paired white armored greaves with gold-edged angular knee plates and cuffs,IMPORTANT,AMBIGUOUS,identity-review-unavailable,0.0,FAIL_REVIEW_UNAVAILABLE,
R06,D2,semantic,,long-pale-flowing-hair,Very long pale silver-blonde hair with loose locks flowing past the waist,CRITICAL,SIMPLIFIED,"Pale hair frames the face and fans behind both shoulders, with loose locks reaching past the waist.",0.96,PASS_REVIEW_RESPONSE,01a0ce99-06dd-7a32-b616-00ed0adfe83c
R06,D2,semantic,,blue-eyed-face,Fair anime-style face with large blue eyes,CRITICAL,SIMPLIFIED,"Centered fair anime face retains both large blue eyes, nose, and mouth.",0.97,PASS_REVIEW_RESPONSE,01a0ce99-06dd-7a32-b616-00ed0adfe83c
R06,D2,semantic,,right-side-hair-bow,Navy ribbon bow with trailing tails and a small gold ornament at the temple,IMPORTANT,SIMPLIFIED,Navy bow tails and a small gold ornament remain visible beside the hair on image-right.,0.96,PASS_REVIEW_RESPONSE,01a0ce99-06dd-7a32-b616-00ed0adfe83c
R06,D2,semantic,,ornate-long-staff,Long dark-blue staff with gold star-shaped finial and cross-shaped ornaments,CRITICAL,SIMPLIFIED,"Upright dark-blue staff remains on image-left with a gold star finial and cross-shaped ornaments, extending nearly the character's full height.",0.98,PASS_REVIEW_RESPONSE,01a0ce99-06dd-7a32-b616-00ed0adfe83c
R06,D2,semantic,,navy-white-gold-dress,Fitted high-collar navy and white outfit with gold fastenings and split navy skirt panels,IMPORTANT,SIMPLIFIED,"High collar, fitted white chest, navy bodice and split skirt panels remain distinct with gold fastenings.",0.95,PASS_REVIEW_RESPONSE,01a0ce99-06dd-7a32-b616-00ed0adfe83c
R06,D2,semantic,,long-white-draped-panels,Long white draped panels with gold edging hanging from both shoulders,IMPORTANT,SIMPLIFIED,White gold-edged panels hang from both shoulders and frame the outfit down toward the lower legs.,0.96,PASS_REVIEW_RESPONSE,01a0ce99-06dd-7a32-b616-00ed0adfe83c
R06,D2,semantic,,belt-and-left-hip-pouch,Wide diagonal brown belt with a rectangular pouch at the viewer-left hip,IMPORTANT,SIMPLIFIED,"A wide diagonal brown belt crosses the waist, with a rectangular pouch at the image-left hip.",0.95,PASS_REVIEW_RESPONSE,01a0ce99-06dd-7a32-b616-00ed0adfe83c
R06,D2,semantic,,white-gold-armored-greaves,Paired white armored greaves with gold-edged angular knee plates and cuffs,IMPORTANT,SIMPLIFIED,"Both bright lower-leg guards remain visible with gold-edged angular armor and cuffs, distinct from the dark thigh sections.",0.95,PASS_REVIEW_RESPONSE,01a0ce99-06dd-7a32-b616-00ed0adfe83c
R07,D2,logical,128,voluminous-white-hair,Voluminous white hair with a curled forelock and long flowing locks,CRITICAL,SIMPLIFIED,White curled forelock and long side locks remain readable with little strand detail.,0.89,PASS_REVIEW_RESPONSE,01a0cea2-a48a-7f72-80f5-c09dce677a8e
R07,D2,logical,128,large-green-eyes,Large bright green eyes,CRITICAL,SIMPLIFIED,"Both eyes remain visibly green, though iris detail is reduced.",0.84,PASS_REVIEW_RESPONSE,01a0cea2-a48a-7f72-80f5-c09dce677a8e
R07,D2,logical,128,right-flower-hair-ornament,White flower with gold and green leaf details beside the hair,CRITICAL,SIMPLIFIED,A small pale flower with green and gold pixels remains on image-right.,0.76,PASS_REVIEW_RESPONSE,01a0cea2-a48a-7f72-80f5-c09dce677a8e
R07,D2,logical,128,branch-staff-and-green-crystal,Tall twisted brown branch staff with a faceted green crystal,CRITICAL,SIMPLIFIED,Brown staff and green crystal are visible along image-left; facets and branch texture are reduced.,0.87,PASS_REVIEW_RESPONSE,01a0cea2-a48a-7f72-80f5-c09dce677a8e
R07,D2,logical,128,green-cream-gold-tunic,Forest-green tunic with cream panels and gold edging,IMPORTANT,SIMPLIFIED,Green outfit with pale panels and gold trim remains distinguishable.,0.82,PASS_REVIEW_RESPONSE,01a0cea2-a48a-7f72-80f5-c09dce677a8e
R07,D2,logical,128,leather-belt-and-side-pouch,Wide brown leather belt with a gold-edged buckle and side pouch,IMPORTANT,AMBIGUOUS,"A brown waist belt and gold buckle show, but the image-right pouch is difficult to distinguish.",0.55,PASS_REVIEW_RESPONSE,01a0cea2-a48a-7f72-80f5-c09dce677a8e
R07,D2,logical,160,voluminous-white-hair,Voluminous white hair with a curled forelock and long flowing locks,CRITICAL,SIMPLIFIED,"The white curled forelock and flowing locks on both sides are clear, with fewer strand details.",0.92,PASS_REVIEW_RESPONSE,01a0cea2-a48a-7f72-80f5-c09dce677a8e
R07,D2,logical,160,large-green-eyes,Large bright green eyes,CRITICAL,SIMPLIFIED,Both prominent eyes are green; fine iris detail is reduced.,0.9,PASS_REVIEW_RESPONSE,01a0cea2-a48a-7f72-80f5-c09dce677a8e
R07,D2,logical,160,right-flower-hair-ornament,White flower with gold and green leaf details beside the hair,CRITICAL,SIMPLIFIED,The small white flower and colored leaf details remain on image-right.,0.84,PASS_REVIEW_RESPONSE,01a0cea2-a48a-7f72-80f5-c09dce677a8e
R07,D2,logical,160,branch-staff-and-green-crystal,Tall twisted brown branch staff with a faceted green crystal,CRITICAL,SIMPLIFIED,"The brown branch staff and green crystal are distinct on image-left, with simplified facets.",0.92,PASS_REVIEW_RESPONSE,01a0cea2-a48a-7f72-80f5-c09dce677a8e
R07,D2,logical,160,green-cream-gold-tunic,Forest-green tunic with cream panels and gold edging,IMPORTANT,SIMPLIFIED,"Green fabric, pale panels, and gold edging are visible with reduced small details.",0.88,PASS_REVIEW_RESPONSE,01a0cea2-a48a-7f72-80f5-c09dce677a8e
R07,D2,logical,160,leather-belt-and-side-pouch,Wide brown leather belt with a gold-edged buckle and side pouch,IMPORTANT,SIMPLIFIED,The brown belt and buckle show; a small brown pouch is visible at the image-right hip.,0.75,PASS_REVIEW_RESPONSE,01a0cea2-a48a-7f72-80f5-c09dce677a8e
R07,D2,logical,192,voluminous-white-hair,Voluminous white hair with a curled forelock and long flowing locks,CRITICAL,PRESERVED,"Large white hair silhouette, curled forelock, and long locks on both sides are clear.",0.96,PASS_REVIEW_RESPONSE,01a0cea2-a48a-7f72-80f5-c09dce677a8e
R07,D2,logical,192,large-green-eyes,Large bright green eyes,CRITICAL,PRESERVED,"Both large, vivid green eyes are clearly visible on the face.",0.96,PASS_REVIEW_RESPONSE,01a0cea2-a48a-7f72-80f5-c09dce677a8e
R07,D2,logical,192,right-flower-hair-ornament,White flower with gold and green leaf details beside the hair,CRITICAL,SIMPLIFIED,"The white flower with green and gold details is distinct on image-right, with reduced detail.",0.9,PASS_REVIEW_RESPONSE,01a0cea2-a48a-7f72-80f5-c09dce677a8e
R07,D2,logical,192,branch-staff-and-green-crystal,Tall twisted brown branch staff with a faceted green crystal,CRITICAL,SIMPLIFIED,A tall brown forked staff and green crystal remain clear on image-left; crystal facets are simplified.,0.95,PASS_REVIEW_RESPONSE,01a0cea2-a48a-7f72-80f5-c09dce677a8e
R07,D2,logical,192,green-cream-gold-tunic,Forest-green tunic with cream panels and gold edging,IMPORTANT,SIMPLIFIED,"Green tunic, cream panels, and gold borders are clear with fewer fabric details.",0.93,PASS_REVIEW_RESPONSE,01a0cea2-a48a-7f72-80f5-c09dce677a8e
R07,D2,logical,192,leather-belt-and-side-pouch,Wide brown leather belt with a gold-edged buckle and side pouch,IMPORTANT,SIMPLIFIED,"The wide brown belt, gold-edged buckle, and image-right brown pouch are readable.",0.88,PASS_REVIEW_RESPONSE,01a0cea2-a48a-7f72-80f5-c09dce677a8e
R07,D2,logical,256,voluminous-white-hair,Voluminous white hair with a curled forelock and long flowing locks,CRITICAL,PRESERVED,"The voluminous white hair, curled forelock, and long flowing locks are all clearly readable.",0.98,PASS_REVIEW_RESPONSE,01a0cea2-a48a-7f72-80f5-c09dce677a8e
R07,D2,logical,256,large-green-eyes,Large bright green eyes,CRITICAL,PRESERVED,Both large bright green eyes remain prominent and clearly separated.,0.98,PASS_REVIEW_RESPONSE,01a0cea2-a48a-7f72-80f5-c09dce677a8e
R07,D2,logical,256,right-flower-hair-ornament,White flower with gold and green leaf details beside the hair,CRITICAL,PRESERVED,A distinct white flower with gold center and green leaf details sits on image-right.,0.96,PASS_REVIEW_RESPONSE,01a0cea2-a48a-7f72-80f5-c09dce677a8e
R07,D2,logical,256,branch-staff-and-green-crystal,Tall twisted brown branch staff with a faceted green crystal,CRITICAL,PRESERVED,The twisted brown branch staff and faceted green crystal are distinct on image-left.,0.98,PASS_REVIEW_RESPONSE,01a0cea2-a48a-7f72-80f5-c09dce677a8e
R07,D2,logical,256,green-cream-gold-tunic,Forest-green tunic with cream panels and gold edging,IMPORTANT,PRESERVED,"Green tunic, cream panels, and gold edging are clearly distinct across the torso and skirt.",0.97,PASS_REVIEW_RESPONSE,01a0cea2-a48a-7f72-80f5-c09dce677a8e
R07,D2,logical,256,leather-belt-and-side-pouch,Wide brown leather belt with a gold-edged buckle and side pouch,IMPORTANT,PRESERVED,"The broad brown belt, gold-edged buckle, and separate image-right pouch are clear.",0.95,PASS_REVIEW_RESPONSE,01a0cea2-a48a-7f72-80f5-c09dce677a8e
R07,D2,semantic,,voluminous-white-hair,Voluminous white hair with a curled forelock and long flowing locks,CRITICAL,PRESERVED,Large pale hairstyle retains the curled forelock and long locks flowing down both sides.,0.97,PASS_REVIEW_RESPONSE,01a0cea1-4e43-7053-9acc-3f4538fb0024
R07,D2,semantic,,large-green-eyes,Large bright green eyes,CRITICAL,PRESERVED,"Both prominent, vivid green eyes remain distinct on the pale face.",0.99,PASS_REVIEW_RESPONSE,01a0cea1-4e43-7053-9acc-3f4538fb0024
R07,D2,semantic,,right-flower-hair-ornament,White flower with gold and green leaf details beside the hair,CRITICAL,PRESERVED,White flower with gold accents and green leaves remains beside the image-right hair.,0.96,PASS_REVIEW_RESPONSE,01a0cea1-4e43-7053-9acc-3f4538fb0024
R07,D2,semantic,,branch-staff-and-green-crystal,Tall twisted brown branch staff with a faceted green crystal,CRITICAL,PRESERVED,Tall twisted brown branch staff remains on image-left with a faceted green crystal near its top.,0.96,PASS_REVIEW_RESPONSE,01a0cea1-4e43-7053-9acc-3f4538fb0024
R07,D2,semantic,,green-cream-gold-tunic,Forest-green tunic with cream panels and gold edging,IMPORTANT,PRESERVED,Forest-green tunic retains its cream panels and gold edging across the torso and skirt.,0.98,PASS_REVIEW_RESPONSE,01a0cea1-4e43-7053-9acc-3f4538fb0024
R07,D2,semantic,,leather-belt-and-side-pouch,Wide brown leather belt with a gold-edged buckle and side pouch,IMPORTANT,PRESERVED,Wide brown belt with gold-edged central buckle and brown pouch remains readable at the image-right hip.,0.97,PASS_REVIEW_RESPONSE,01a0cea1-4e43-7053-9acc-3f4538fb0024
R08,D2,semantic,,face,"Small, softly featured face with large brown eyes",CRITICAL,AMBIGUOUS,required-side-relation-not-preserved,0.96,PASS_REVIEW_RESPONSE,01a0cea5-683a-7433-b282-56729177c4e3
R08,D2,semantic,,loose-bun-hairstyle,Light brown hair in a loose high bun with long face-framing strands,CRITICAL,AMBIGUOUS,required-side-relation-not-preserved,0.97,PASS_REVIEW_RESPONSE,01a0cea5-683a-7433-b282-56729177c4e3
R08,D2,semantic,,trailing-blue-hair-ribbon,Dark blue ribbon tails trailing from the bun,IMPORTANT,SIMPLIFIED,Dark blue tails extend from the bun toward image-right.,0.96,PASS_REVIEW_RESPONSE,01a0cea5-683a-7433-b282-56729177c4e3
R08,D2,semantic,,sweeping-olive-cloak,Large muted olive-gray cloak with a broad draped shoulder and flared hem,CRITICAL,SIMPLIFIED,Muted olive-gray cloak keeps its broad draped shoulders and flared hem.,0.98,PASS_REVIEW_RESPONSE,01a0cea5-683a-7433-b282-56729177c4e3
R08,D2,semantic,,ivory-dress-and-dark-panels,Long ivory dress with narrow dark blue vertical front panels,IMPORTANT,SIMPLIFIED,Long ivory skirt and narrow dark blue vertical front panels remain distinct.,0.95,PASS_REVIEW_RESPONSE,01a0cea5-683a-7433-b282-56729177c4e3
R08,D2,semantic,,strapped-travel-pack,Large brown travel pack with visible strapped pockets behind the shoulders,IMPORTANT,SIMPLIFIED,Bulky brown pack with visible leather compartments and straps remains behind the image-right shoulder.,0.94,PASS_REVIEW_RESPONSE,01a0cea5-683a-7433-b282-56729177c4e3
R08,D2,semantic,,held-decorated-book,"Rectangular dark brown book with worn gold detailing, held at the viewer's left",CRITICAL,SIMPLIFIED,Dark rectangular book with gold detailing is held at image-left against the torso.,0.97,PASS_REVIEW_RESPONSE,01a0cea5-683a-7433-b282-56729177c4e3
R08,D2,semantic,,hanging-lantern,Small brass-framed lantern hanging at the viewer-right hip,CRITICAL,SIMPLIFIED,Brass-framed lantern with a glass body and top handle hangs at the image-right hip.,0.98,PASS_REVIEW_RESPONSE,01a0cea5-683a-7433-b282-56729177c4e3
R08,D2,semantic,,round-hanging-watch,Round pale-faced watch hanging at the front waist,IMPORTANT,SIMPLIFIED,Round pale-faced watch remains visible hanging at the front waist.,0.96,PASS_REVIEW_RESPONSE,01a0cea5-683a-7433-b282-56729177c4e3
